Timestamp,Location,Latitude,Longitude,Traffic Volume,Average Speed (km/h),Weather,Rain (mm),Accident,Event,Public Transport Density,Congestion Level
2026-05-02T16:00:00,Airport Road,28.686014,77.246119,81.08,48.83,Clear,0.0,0,0,0.83,Low
2026-05-02T16:15:00,Industrial Belt,28.542926,77.24452,146.86,45.27,Clear,0.0,0,1,0.47,Medium
2026-05-02T16:30:00,Industrial Belt,28.548397,77.227942,124.99,44.58,Cloudy,0.0,0,0,0.5,Medium
2026-05-02T16:45:00,Downtown,28.688401,77.258344,118.96,37.79,Cloudy,0.0,0,0,0.5,Medium
2026-05-02T17:00:00,City Mall,28.667211,77.156738,138.24,25.09,Rainy,0.2,0,0,0.49,Medium
2026-05-02T17:15:00,Airport Road,28.68422,77.272172,205.85,32.06,Clear,0.0,0,0,0.37,High
2026-05-02T17:30:00,Tech Park,28.620251,77.22288,124.58,31.16,Clear,0.0,0,0,0.63,Medium
2026-05-02T17:45:00,Downtown,28.691802,77.252559,200.37,40.65,Rainy,0.53,0,0,0.49,Medium
2026-05-02T18:00:00,Industrial Belt,28.585929,77.245737,209.22,33.56,Cloudy,0.0,0,0,0.62,High
2026-05-02T18:15:00,Industrial Belt,28.612907,77.212637,233.83,25.22,Clear,0.0,0,0,0.54,High
2026-05-02T18:30:00,Airport Road,28.624024,77.240283,190.42,17.66,Cloudy,0.0,0,1,0.84,High
2026-05-02T18:45:00,Airport Road,28.682652,77.258299,208.83,40.98,Rainy,2.18,0,0,0.42,High
2026-05-02T19:00:00,Downtown,28.63753,77.129083,168.53,13.81,Clear,0.0,0,0,0.37,High
2026-05-02T19:15:00,Downtown,28.553078,77.183018,174.36,34.85,Cloudy,0.0,0,0,0.55,Medium
2026-05-02T19:30:00,Downtown,28.557594,77.288638,121.43,24.7,Clear,0.0,0,0,0.53,Medium
2026-05-02T19:45:00,City Mall,28.612212,77.286704,206.86,16.2,Rainy,3.3,0,0,0.39,High
2026-05-02T20:00:00,University Circle,28.664529,77.256735,120.98,30.63,Cloudy,0.0,0,0,0.68,Medium
2026-05-02T20:15:00,University Circle,28.589687,77.144388,86.7,43.28,Cloudy,0.0,0,0,0.66,Low
2026-05-02T20:30:00,Downtown,28.552056,77.276951,107.51,51.67,Cloudy,0.0,0,0,0.26,Low
2026-05-02T20:45:00,Industrial Belt,28.677455,77.273067,126.46,27.72,Clear,0.0,0,1,0.76,Medium
2026-05-02T21:00:00,Industrial Belt,28.65868,77.231725,127.92,55.17,Clear,0.0,0,0,0.89,Low
2026-05-02T21:15:00,City Mall,28.569783,77.242949,136.58,35.99,Rainy,0.33,0,0,0.39,Medium
2026-05-02T21:30:00,University Circle,28.635713,77.169074,125.11,48.79,Cloudy,0.0,0,0,0.56,Medium
2026-05-02T21:45:00,City Mall,28.614322,77.221305,70.78,44.59,Rainy,0.37,0,1,0.64,Low
2026-05-02T22:00:00,University Circle,28.653535,77.281491,141.21,21.67,Cloudy,0.0,1,0,0.38,High
2026-05-02T22:15:00,Downtown,28.584608,77.156119,99.11,53.52,Cloudy,0.0,0,0,0.57,Low
2026-05-02T22:30:00,Industrial Belt,28.591283,77.169666,84.11,30.8,Rainy,2.37,0,0,0.42,Medium
2026-05-02T22:45:00,Tech Park,28.672632,77.275118,138.03,91.23,Rainy,5.02,0,0,0.73,Low
2026-05-02T23:00:00,Airport Road,28.626518,77.199156,78.0,59.42,Clear,0.0,1,0,0.48,Low
2026-05-02T23:15:00,Tech Park,28.665516,77.186631,140.85,45.77,Rainy,0.36,0,0,0.56,Medium
2026-05-02T23:30:00,University Circle,28.635889,77.245175,97.19,45.18,Clear,0.0,0,0,0.63,Low
2026-05-02T23:45:00,Airport Road,28.652947,77.169138,182.35,36.87,Clear,0.0,0,0,0.49,Medium
2026-05-03T00:00:00,Downtown,28.639532,77.173789,112.84,70.47,Clear,0.0,0,0,0.74,Low
2026-05-03T00:15:00,City Mall,28.553126,77.183701,144.47,52.2,Clear,0.0,0,0,0.49,Medium
2026-05-03T00:30:00,Tech Park,28.634038,77.209502,138.36,49.86,Clear,0.0,0,0,0.71,Medium
2026-05-03T00:45:00,Downtown,28.672652,77.230825,141.27,57.39,Cloudy,0.0,0,0,0.63,Medium
2026-05-03T01:00:00,Downtown,28.68769,77.273856,159.77,48.37,Clear,0.0,0,0,0.44,Medium
2026-05-03T01:15:00,Tech Park,28.5884,77.170711,188.29,44.52,Clear,0.0,0,0,0.63,Medium
2026-05-03T01:30:00,Airport Road,28.56229,77.249098,117.24,23.55,Rainy,0.28,0,0,0.83,Medium
2026-05-03T01:45:00,Downtown,28.572018,77.189437,104.62,41.09,Clear,0.0,0,0,1.0,Medium
2026-05-03T02:00:00,Airport Road,28.535634,77.273861,110.51,37.64,Storm,1.73,0,0,0.66,Medium
2026-05-03T02:15:00,Downtown,28.622492,77.163036,183.48,49.85,Storm,3.57,0,0,0.64,Medium
2026-05-03T02:30:00,Tech Park,28.597364,77.271704,121.55,30.89,Clear,0.0,0,0,0.49,Medium
2026-05-03T02:45:00,Downtown,28.628602,77.185035,136.05,43.03,Clear,0.0,0,0,0.88,Medium
2026-05-03T03:00:00,University Circle,28.551692,77.20782,119.35,41.54,Clear,0.0,0,0,0.78,Medium
2026-05-03T03:15:00,City Mall,28.571901,77.193036,146.98,34.84,Cloudy,0.0,0,0,0.54,Medium
2026-05-03T03:30:00,City Mall,28.689081,77.135906,122.44,56.8,Storm,1.73,0,0,0.41,Low
2026-05-03T03:45:00,Industrial Belt,28.581019,77.288333,88.6,63.31,Rainy,1.33,0,0,0.44,Low
2026-05-03T04:00:00,Airport Road,28.608092,77.185536,93.43,46.8,Storm,2.25,0,1,0.68,Medium
2026-05-03T04:15:00,Tech Park,28.54714,77.269266,171.68,30.22,Clear,0.0,0,0,0.58,Medium
2026-05-03T04:30:00,Downtown,28.594178,77.248933,160.37,40.5,Cloudy,0.0,0,0,0.59,Medium
2026-05-03T04:45:00,City Mall,28.693855,77.288462,103.05,63.19,Rainy,2.14,0,0,0.3,Low
2026-05-03T05:00:00,Downtown,28.65502,77.136503,138.74,8.0,Rainy,1.15,0,1,0.45,High
2026-05-03T05:15:00,City Mall,28.63315,77.241653,208.87,39.8,Clear,0.0,0,0,0.49,High
2026-05-03T05:30:00,Industrial Belt,28.62267,77.14356,132.61,65.62,Cloudy,0.0,0,0,0.89,Low
2026-05-03T05:45:00,City Mall,28.557432,77.277254,127.97,24.56,Cloudy,0.0,1,0,0.54,Medium
2026-05-03T06:00:00,City Mall,28.567361,77.221744,136.98,20.25,Cloudy,0.0,0,0,0.39,Medium
2026-05-03T06:15:00,Airport Road,28.589207,77.272486,139.64,69.66,Clear,0.0,0,0,0.49,Low
2026-05-03T06:30:00,City Mall,28.589113,77.184619,121.78,39.14,Cloudy,0.0,0,1,0.48,Medium
2026-05-03T06:45:00,University Circle,28.54019,77.256906,91.35,36.6,Rainy,1.95,0,0,0.66,Medium
2026-05-03T07:00:00,City Mall,28.691701,77.214855,146.51,44.58,Rainy,1.66,0,0,0.71,Medium
2026-05-03T07:15:00,University Circle,28.619038,77.146148,136.49,63.29,Clear,0.0,0,0,0.11,Low
2026-05-03T07:30:00,Tech Park,28.624134,77.263514,122.63,34.5,Clear,0.0,0,0,0.79,Medium
2026-05-03T07:45:00,Tech Park,28.547807,77.214937,74.23,63.28,Clear,0.0,0,0,0.65,Low
2026-05-03T08:00:00,Industrial Belt,28.677844,77.226209,179.61,10.34,Clear,0.0,1,0,0.44,High
2026-05-03T08:15:00,Airport Road,28.670031,77.143062,135.94,39.57,Clear,0.0,1,0,0.58,Medium
2026-05-03T08:30:00,Industrial Belt,28.640883,77.2777,251.52,49.44,Clear,0.0,0,0,0.41,High
2026-05-03T08:45:00,Downtown,28.6517,77.213774,116.83,41.85,Clear,0.0,0,1,0.69,Medium
2026-05-03T09:00:00,City Mall,28.619114,77.137292,149.89,25.39,Clear,0.0,1,0,0.44,High
2026-05-03T09:15:00,City Mall,28.534334,77.147671,206.61,58.68,Rainy,0.75,0,0,0.67,Medium
2026-05-03T09:30:00,University Circle,28.684034,77.157997,174.94,31.04,Cloudy,0.0,0,0,0.52,Medium
2026-05-03T09:45:00,Downtown,28.65398,77.256926,164.51,35.5,Clear,0.0,0,1,0.7,Medium
2026-05-03T10:00:00,Tech Park,28.664556,77.199262,120.25,21.88,Clear,0.0,0,0,0.15,Medium
2026-05-03T10:15:00,Downtown,28.590758,77.191637,153.85,30.66,Clear,0.0,0,0,0.77,Medium
2026-05-03T10:30:00,Tech Park,28.556184,77.256044,149.17,37.59,Rainy,9.3,0,0,0.7,Medium
2026-05-03T10:45:00,Industrial Belt,28.566627,77.24325,150.04,49.71,Clear,0.0,0,0,0.54,Medium
2026-05-03T11:00:00,City Mall,28.554298,77.192566,104.45,49.53,Clear,0.0,0,0,0.8,Low
2026-05-03T11:15:00,Airport Road,28.648489,77.224845,155.3,30.87,Clear,0.0,0,0,0.43,Medium
2026-05-03T11:30:00,Tech Park,28.627697,77.209942,112.9,45.56,Rainy,1.75,0,0,0.68,Medium
2026-05-03T11:45:00,Tech Park,28.657299,77.18891,98.04,39.06,Clear,0.0,0,0,0.36,Medium
2026-05-03T12:00:00,City Mall,28.594589,77.24808,94.47,52.39,Cloudy,0.0,0,0,0.44,Low
2026-05-03T12:15:00,Tech Park,28.681077,77.184415,164.45,35.18,Cloudy,0.0,0,0,0.51,Medium
2026-05-03T12:30:00,Airport Road,28.600928,77.275375,110.45,57.97,Cloudy,0.0,0,0,0.22,Low
2026-05-03T12:45:00,Downtown,28.687671,77.152786,92.03,43.03,Storm,11.07,0,0,0.56,Medium
2026-05-03T13:00:00,University Circle,28.589802,77.203917,69.82,62.58,Rainy,0.11,0,0,0.68,Low
2026-05-03T13:15:00,Downtown,28.598022,77.218542,108.01,40.54,Rainy,1.32,0,0,0.64,Medium
2026-05-03T13:30:00,Airport Road,28.668266,77.267719,162.78,18.91,Clear,0.0,0,0,0.24,High
2026-05-03T13:45:00,City Mall,28.562467,77.233439,155.36,40.79,Clear,0.0,0,0,0.51,Medium
2026-05-03T14:00:00,University Circle,28.687924,77.280106,110.35,32.31,Clear,0.0,0,0,0.67,Medium
2026-05-03T14:15:00,City Mall,28.674131,77.231868,136.34,51.33,Cloudy,0.0,0,0,0.6,Medium
2026-05-03T14:30:00,University Circle,28.628347,77.17189,75.18,66.06,Cloudy,0.0,0,0,0.72,Low
2026-05-03T14:45:00,Downtown,28.611465,77.210993,118.92,55.44,Clear,0.0,0,0,0.74,Low
2026-05-03T15:00:00,Industrial Belt,28.691404,77.21311,101.11,35.66,Clear,0.0,0,0,0.26,Medium
2026-05-03T15:15:00,Downtown,28.59874,77.208594,139.32,38.26,Clear,0.0,0,0,0.61,Medium
2026-05-03T15:30:00,University Circle,28.629486,77.225083,84.87,51.12,Rainy,0.06,0,0,0.32,Low
2026-05-03T15:45:00,University Circle,28.563399,77.143454,112.12,59.49,Rainy,3.18,0,1,0.82,Medium
2026-05-03T16:00:00,Industrial Belt,28.651112,77.16339,99.85,46.46,Cloudy,0.0,0,0,0.49,Low
2026-05-03T16:15:00,Downtown,28.590146,77.195047,128.49,54.22,Cloudy,0.0,0,0,0.84,Low
2026-05-03T16:30:00,Airport Road,28.645051,77.172543,58.3,58.73,Clear,0.0,0,0,0.54,Low
2026-05-03T16:45:00,Airport Road,28.620604,77.268671,141.72,54.8,Cloudy,0.0,0,0,0.66,Medium
2026-05-03T17:00:00,Downtown,28.678438,77.232466,170.08,31.46,Cloudy,0.0,0,0,0.2,Medium
2026-05-03T17:15:00,City Mall,28.650864,77.159816,170.22,27.65,Rainy,0.44,0,0,0.94,Medium
2026-05-03T17:30:00,Industrial Belt,28.629303,77.165801,191.9,17.49,Rainy,4.83,0,0,0.43,High
2026-05-03T17:45:00,Tech Park,28.617127,77.197291,216.52,27.38,Cloudy,0.0,1,0,0.73,High
2026-05-03T18:00:00,City Mall,28.61853,77.279251,222.81,21.8,Clear,0.0,0,0,0.47,High
2026-05-03T18:15:00,Airport Road,28.651913,77.167204,230.87,26.4,Clear,0.0,0,0,0.41,High
2026-05-03T18:30:00,Downtown,28.578263,77.274654,146.63,26.7,Storm,0.71,1,1,0.69,High
2026-05-03T18:45:00,University Circle,28.678496,77.28727,176.6,30.65,Clear,0.0,0,0,0.53,Medium
2026-05-03T19:00:00,Downtown,28.56373,77.253734,162.46,24.05,Storm,1.29,1,1,0.48,High
2026-05-03T19:15:00,Tech Park,28.61249,77.288414,138.93,28.95,Cloudy,0.0,0,0,0.72,Medium
2026-05-03T19:30:00,Airport Road,28.626714,77.143638,167.31,37.01,Clear,0.0,0,1,0.6,Medium
2026-05-03T19:45:00,Downtown,28.622037,77.142918,191.71,9.02,Clear,0.0,0,0,0.32,High
2026-05-03T20:00:00,Industrial Belt,28.68784,77.146515,151.76,45.43,Cloudy,0.0,0,0,0.62,Medium
2026-05-03T20:15:00,University Circle,28.672806,77.168246,142.33,41.81,Clear,0.0,0,1,0.5,Medium
2026-05-03T20:30:00,Airport Road,28.632878,77.249435,114.15,46.76,Clear,0.0,0,0,0.63,Medium
2026-05-03T20:45:00,City Mall,28.57529,77.159901,134.01,42.02,Cloudy,0.0,0,0,0.44,Medium
2026-05-03T21:00:00,City Mall,28.658675,77.146117,128.73,63.93,Storm,4.59,0,1,0.29,Medium
2026-05-03T21:15:00,Airport Road,28.544754,77.177154,107.3,47.1,Cloudy,0.0,0,0,0.45,Low
2026-05-03T21:30:00,City Mall,28.595278,77.1395,133.2,39.61,Rainy,4.31,0,0,0.67,Medium
2026-05-03T21:45:00,University Circle,28.606122,77.15518,118.32,52.78,Clear,0.0,0,0,0.73,Low
2026-05-03T22:00:00,Industrial Belt,28.554914,77.267889,135.08,47.92,Rainy,0.06,0,0,0.45,Medium
2026-05-03T22:15:00,University Circle,28.538881,77.233267,153.27,40.88,Cloudy,0.0,0,0,0.61,Medium
2026-05-03T22:30:00,University Circle,28.669065,77.250764,135.99,33.67,Clear,0.0,0,0,0.61,Medium
2026-05-03T22:45:00,Industrial Belt,28.607836,77.129197,177.33,63.01,Clear,0.0,0,0,0.63,Medium
2026-05-03T23:00:00,City Mall,28.576939,77.256609,85.16,39.65,Clear,0.0,0,0,0.21,Low
2026-05-03T23:15:00,Industrial Belt,28.689852,77.244502,162.53,53.91,Storm,2.03,0,0,0.63,Medium
2026-05-03T23:30:00,Industrial Belt,28.556699,77.208822,172.62,55.53,Cloudy,0.0,0,0,0.39,Medium
2026-05-03T23:45:00,City Mall,28.547101,77.260922,121.32,28.38,Storm,0.34,0,0,0.57,Medium
2026-05-04T00:00:00,University Circle,28.553775,77.272395,110.41,65.42,Cloudy,0.0,0,1,0.8,Low
2026-05-04T00:15:00,Tech Park,28.633949,77.254348,108.26,73.96,Cloudy,0.0,0,0,0.53,Low
2026-05-04T00:30:00,Downtown,28.56014,77.199177,172.45,52.8,Cloudy,0.0,0,0,0.83,Medium
2026-05-04T00:45:00,University Circle,28.690038,77.182903,138.3,38.12,Cloudy,0.0,0,0,0.38,Medium
2026-05-04T01:00:00,Downtown,28.612824,77.142044,146.37,28.56,Clear,0.0,0,0,0.46,Medium
2026-05-04T01:15:00,Downtown,28.672824,77.245347,103.09,63.89,Clear,0.0,0,1,0.27,Low
2026-05-04T01:30:00,City Mall,28.597182,77.22599,190.06,60.8,Cloudy,0.0,1,0,0.63,Medium
2026-05-04T01:45:00,City Mall,28.567606,77.228675,168.19,54.32,Clear,0.0,0,1,0.45,Medium
2026-05-04T02:00:00,Industrial Belt,28.615918,77.195085,96.49,43.71,Clear,0.0,0,0,0.42,Low
2026-05-04T02:15:00,Downtown,28.639919,77.144242,73.62,57.88,Clear,0.0,0,0,0.86,Low
2026-05-04T02:30:00,Airport Road,28.689071,77.201606,173.82,45.92,Clear,0.0,0,0,0.32,Medium
2026-05-04T02:45:00,Airport Road,28.627961,77.280773,94.03,29.34,Clear,0.0,0,0,0.82,Medium
2026-05-04T03:00:00,Airport Road,28.605319,77.267275,126.22,64.01,Clear,0.0,1,0,0.97,Medium
2026-05-04T03:15:00,City Mall,28.683757,77.135295,115.42,32.58,Rainy,1.7,0,1,0.19,Medium
2026-05-04T03:30:00,University Circle,28.53469,77.28129,152.07,49.16,Cloudy,0.0,0,0,0.39,Medium
2026-05-04T03:45:00,Industrial Belt,28.583169,77.241749,134.12,52.35,Storm,0.38,0,0,0.52,Medium
2026-05-04T04:00:00,Tech Park,28.639761,77.285581,127.61,43.77,Clear,0.0,0,0,0.55,Medium
2026-05-04T04:15:00,Downtown,28.538762,77.277952,158.69,59.24,Clear,0.0,0,0,0.41,Medium
2026-05-04T04:30:00,Airport Road,28.559386,77.225793,130.38,54.63,Storm,0.98,0,0,0.6,Medium
2026-05-04T04:45:00,Industrial Belt,28.586225,77.235815,92.51,52.17,Rainy,3.05,0,0,0.52,Low
2026-05-04T05:00:00,Downtown,28.592534,77.192388,120.55,34.38,Clear,0.0,0,0,0.83,Medium
2026-05-04T05:15:00,Airport Road,28.536247,77.22293,135.79,32.41,Rainy,1.62,0,0,0.26,Medium
2026-05-04T05:30:00,Airport Road,28.631165,77.251381,125.98,52.14,Storm,3.47,0,0,0.69,Medium
2026-05-04T05:45:00,Downtown,28.638651,77.189812,129.84,43.84,Clear,0.0,0,0,0.3,Medium
2026-05-04T06:00:00,City Mall,28.57948,77.178166,126.3,61.7,Clear,0.0,0,0,0.44,Low
2026-05-04T06:15:00,Downtown,28.617497,77.148716,64.46,48.95,Clear,0.0,0,0,0.62,Low
2026-05-04T06:30:00,City Mall,28.57495,77.283068,168.91,44.1,Cloudy,0.0,0,0,0.57,Medium
2026-05-04T06:45:00,Industrial Belt,28.616328,77.223966,139.02,51.95,Clear,0.0,0,1,0.76,Medium
2026-05-04T07:00:00,Downtown,28.571799,77.253884,148.1,38.27,Clear,0.0,0,0,0.4,Medium
2026-05-04T07:15:00,Tech Park,28.558377,77.166638,195.08,44.04,Cloudy,0.0,0,0,0.75,Medium
2026-05-04T07:30:00,University Circle,28.631035,77.216472,100.49,28.56,Cloudy,0.0,0,1,0.62,Medium
2026-05-04T07:45:00,University Circle,28.604735,77.200327,92.97,57.51,Cloudy,0.0,0,1,0.46,Low
2026-05-04T08:00:00,City Mall,28.546607,77.142705,141.47,21.46,Clear,0.0,0,0,0.59,Medium
2026-05-04T08:15:00,Industrial Belt,28.62875,77.237821,125.54,27.04,Clear,0.0,0,0,0.27,Medium
2026-05-04T08:30:00,Industrial Belt,28.623145,77.245904,155.32,29.33,Cloudy,0.0,1,0,0.37,High
2026-05-04T08:45:00,Tech Park,28.549368,77.201059,202.03,21.17,Cloudy,0.0,0,1,0.77,High
2026-05-04T09:00:00,City Mall,28.553073,77.284866,153.63,39.47,Cloudy,0.0,0,0,0.63,Medium
2026-05-04T09:15:00,City Mall,28.666071,77.254124,191.75,17.15,Clear,0.0,0,1,0.39,High
2026-05-04T09:30:00,Downtown,28.615456,77.261046,186.77,28.84,Rainy,2.44,0,0,0.45,High
2026-05-04T09:45:00,Airport Road,28.682795,77.147619,164.65,44.0,Rainy,2.05,0,0,0.61,Medium
2026-05-04T10:00:00,City Mall,28.537563,77.153607,204.93,31.44,Cloudy,0.0,0,0,0.37,High
2026-05-04T10:15:00,Industrial Belt,28.666593,77.179805,190.56,20.41,Cloudy,0.0,0,0,0.61,High
2026-05-04T10:30:00,City Mall,28.621825,77.283532,116.92,22.24,Cloudy,0.0,0,0,0.33,Medium
2026-05-04T10:45:00,Industrial Belt,28.630309,77.187368,201.0,43.73,Clear,0.0,0,0,0.19,Medium
2026-05-04T11:00:00,Tech Park,28.543145,77.240206,98.53,41.37,Cloudy,0.0,0,0,0.27,Low
2026-05-04T11:15:00,Airport Road,28.638816,77.264683,151.94,55.52,Clear,0.0,0,0,0.67,Medium
2026-05-04T11:30:00,University Circle,28.600161,77.261406,150.75,54.15,Clear,0.0,0,0,0.45,Medium
2026-05-04T11:45:00,City Mall,28.568332,77.130939,133.71,33.07,Cloudy,0.0,0,0,0.54,Medium
2026-05-04T12:00:00,City Mall,28.612019,77.153008,160.89,34.65,Cloudy,0.0,0,0,0.81,Medium
2026-05-04T12:15:00,City Mall,28.555203,77.145344,112.67,50.58,Rainy,1.86,0,1,0.7,Medium
2026-05-04T12:30:00,Airport Road,28.635852,77.234497,95.13,48.32,Cloudy,0.0,0,0,0.69,Low
2026-05-04T12:45:00,University Circle,28.550811,77.287124,98.85,44.09,Clear,0.0,0,0,0.53,Low
2026-05-04T13:00:00,Downtown,28.68694,77.247001,123.3,28.83,Clear,0.0,0,0,0.38,Medium
2026-05-04T13:15:00,Airport Road,28.590675,77.194941,163.93,47.26,Clear,0.0,0,0,0.72,Medium
2026-05-04T13:30:00,Downtown,28.690059,77.235776,121.22,42.46,Storm,1.37,0,0,0.54,Medium
2026-05-04T13:45:00,Tech Park,28.630201,77.222188,82.65,53.95,Cloudy,0.0,0,0,0.66,Low
2026-05-04T14:00:00,Tech Park,28.569838,77.188547,59.18,21.63,Cloudy,0.0,0,0,0.51,Medium
2026-05-04T14:15:00,Industrial Belt,28.535934,77.287786,110.31,30.45,Rainy,4.34,0,0,0.62,Medium
2026-05-04T14:30:00,Airport Road,28.542517,77.18021,175.97,35.06,Cloudy,0.0,0,0,0.71,Medium
2026-05-04T14:45:00,City Mall,28.650057,77.259846,121.07,27.1,Rainy,2.14,0,0,0.86,Medium
2026-05-04T15:00:00,University Circle,28.558151,77.144001,155.07,47.46,Clear,0.0,0,0,0.66,Medium
2026-05-04T15:15:00,University Circle,28.69259,77.144868,146.93,60.46,Clear,0.0,0,0,0.47,Low
2026-05-04T15:30:00,University Circle,28.563984,77.185862,129.73,62.46,Clear,0.0,0,0,0.41,Low
2026-05-04T15:45:00,Tech Park,28.655288,77.237541,142.69,52.61,Cloudy,0.0,0,0,0.64,Medium
2026-05-04T16:00:00,City Mall,28.636838,77.253864,103.97,40.71,Cloudy,0.0,0,0,0.48,Medium
2026-05-04T16:15:00,Downtown,28.628012,77.205956,78.67,38.23,Cloudy,0.0,0,0,0.58,Low
2026-05-04T16:30:00,Industrial Belt,28.611756,77.224899,109.28,45.79,Clear,0.0,0,0,0.74,Low
2026-05-04T16:45:00,Tech Park,28.647129,77.255178,149.69,11.72,Clear,0.0,0,0,0.69,High
2026-05-04T17:00:00,Tech Park,28.593328,77.139007,201.62,38.38,Rainy,0.5,0,0,0.45,Medium
2026-05-04T17:15:00,Industrial Belt,28.69248,77.248555,190.63,13.48,Storm,2.58,0,0,0.4,High
2026-05-04T17:30:00,University Circle,28.581696,77.279509,163.69,10.86,Rainy,1.02,0,0,0.62,High
2026-05-04T17:45:00,Industrial Belt,28.634887,77.136975,170.4,18.01,Rainy,1.08,0,0,0.55,High
2026-05-04T18:00:00,University Circle,28.577998,77.25494,177.67,32.94,Clear,0.0,0,0,0.58,Medium
2026-05-04T18:15:00,University Circle,28.543925,77.27403,174.08,31.22,Clear,0.0,0,1,0.35,High
2026-05-04T18:30:00,Tech Park,28.651092,77.216731,220.59,25.48,Rainy,1.39,0,0,0.97,High
2026-05-04T18:45:00,City Mall,28.624353,77.203229,182.8,34.17,Clear,0.0,0,0,0.42,Medium
2026-05-04T19:00:00,Industrial Belt,28.623696,77.212743,151.64,26.45,Rainy,1.83,0,0,0.32,Medium
2026-05-04T19:15:00,Tech Park,28.64017,77.163574,177.97,49.59,Clear,0.0,0,0,0.5,Medium
2026-05-04T19:30:00,University Circle,28.607378,77.137313,158.0,37.23,Clear,0.0,0,0,0.57,Medium
2026-05-04T19:45:00,City Mall,28.639441,77.154859,236.86,48.99,Cloudy,0.0,0,0,0.62,High
2026-05-04T20:00:00,University Circle,28.679375,77.215192,85.93,44.94,Cloudy,0.0,0,0,0.57,Low
2026-05-04T20:15:00,Airport Road,28.660757,77.221415,69.66,59.26,Clear,0.0,0,0,0.65,Low
2026-05-04T20:30:00,Tech Park,28.605516,77.218251,133.3,31.58,Clear,0.0,0,0,1.0,Medium
2026-05-04T20:45:00,City Mall,28.651122,77.26026,126.4,57.04,Storm,0.73,0,0,0.36,Low
2026-05-04T21:00:00,Industrial Belt,28.635447,77.155553,118.56,42.75,Clear,0.0,0,0,0.73,Medium
2026-05-04T21:15:00,Downtown,28.538598,77.260673,101.66,29.91,Storm,0.26,0,0,0.37,Medium
2026-05-04T21:30:00,Downtown,28.609287,77.260462,45.74,37.71,Cloudy,0.0,0,0,0.65,Low
2026-05-04T21:45:00,Tech Park,28.550002,77.16738,90.6,40.3,Cloudy,0.0,0,0,0.38,Low
2026-05-04T22:00:00,Industrial Belt,28.651991,77.257991,103.3,53.0,Clear,0.0,0,0,0.38,Low
2026-05-04T22:15:00,Airport Road,28.570249,77.262927,137.63,55.46,Cloudy,0.0,0,0,0.31,Medium
2026-05-04T22:30:00,City Mall,28.53921,77.177631,137.99,47.15,Rainy,3.11,0,1,0.67,Medium
2026-05-04T22:45:00,University Circle,28.53393,77.156053,65.37,27.86,Clear,0.0,0,0,0.79,Low
2026-05-04T23:00:00,University Circle,28.601508,77.135724,106.8,48.98,Clear,0.0,0,0,0.58,Low
2026-05-04T23:15:00,University Circle,28.666066,77.24089,155.11,69.68,Cloudy,0.0,0,0,0.29,Low
2026-05-04T23:30:00,City Mall,28.620412,77.144446,110.82,22.38,Cloudy,0.0,0,0,0.5,Medium
2026-05-04T23:45:00,Industrial Belt,28.629709,77.139319,78.07,29.72,Storm,2.7,0,0,0.96,Medium
2026-05-05T00:00:00,University Circle,28.69317,77.265911,94.32,45.43,Rainy,0.46,0,0,0.59,Low
2026-05-05T00:15:00,Downtown,28.54425,77.281932,80.79,43.68,Clear,0.0,0,0,0.54,Low
2026-05-05T00:30:00,Downtown,28.646321,77.166989,142.21,33.41,Clear,0.0,0,0,0.56,Medium
2026-05-05T00:45:00,Tech Park,28.577351,77.204664,151.74,42.41,Clear,0.0,0,0,0.51,Medium
2026-05-05T01:00:00,Tech Park,28.689345,77.182016,130.66,28.12,Cloudy,0.0,0,0,0.54,Medium
2026-05-05T01:15:00,City Mall,28.619821,77.265662,103.03,54.31,Cloudy,0.0,0,0,0.46,Low
2026-05-05T01:30:00,Downtown,28.597422,77.142935,115.97,34.37,Clear,0.0,0,0,0.6,Medium
2026-05-05T01:45:00,City Mall,28.641967,77.136177,146.53,43.95,Clear,0.0,0,0,0.61,Medium
2026-05-05T02:00:00,City Mall,28.631165,77.1785,146.91,39.2,Clear,0.0,0,0,0.58,Medium
2026-05-05T02:15:00,Tech Park,28.574971,77.235447,140.58,58.03,Clear,0.0,0,0,0.51,Low
2026-05-05T02:30:00,University Circle,28.590663,77.279676,150.03,59.72,Clear,0.0,0,0,0.76,Medium
2026-05-05T02:45:00,Tech Park,28.556119,77.147518,109.46,41.19,Cloudy,0.0,0,0,0.65,Medium
2026-05-05T03:00:00,Airport Road,28.581107,77.20676,152.11,38.42,Clear,0.0,0,0,0.57,Medium
2026-05-05T03:15:00,Downtown,28.544682,77.190983,109.64,58.0,Clear,0.0,0,0,0.3,Low
2026-05-05T03:30:00,University Circle,28.60592,77.221683,136.27,40.69,Rainy,1.98,0,0,0.65,Medium
2026-05-05T03:45:00,Tech Park,28.560598,77.197885,36.29,33.43,Clear,0.0,0,0,0.47,Low
2026-05-05T04:00:00,University Circle,28.59564,77.255675,89.71,47.5,Rainy,4.63,0,0,0.57,Low
2026-05-05T04:15:00,Downtown,28.556388,77.206694,120.19,39.29,Storm,0.94,0,0,0.53,Medium
2026-05-05T04:30:00,Tech Park,28.584013,77.15253,81.64,44.57,Rainy,0.19,0,1,0.29,Low
2026-05-05T04:45:00,Downtown,28.691342,77.175145,116.24,50.37,Clear,0.0,0,0,0.58,Low
2026-05-05T05:00:00,Tech Park,28.560834,77.168505,78.69,39.8,Rainy,3.97,0,0,0.35,Medium
2026-05-05T05:15:00,University Circle,28.623133,77.184564,146.12,32.13,Clear,0.0,0,0,0.59,Medium
2026-05-05T05:30:00,University Circle,28.659082,77.246532,83.3,30.59,Rainy,6.58,0,0,0.5,Medium
2026-05-05T05:45:00,Industrial Belt,28.57034,77.283245,128.88,50.61,Cloudy,0.0,0,0,0.48,Medium
2026-05-05T06:00:00,Downtown,28.642821,77.203685,129.8,45.23,Clear,0.0,0,0,0.67,Medium
2026-05-05T06:15:00,Tech Park,28.612527,77.212591,56.48,68.24,Cloudy,0.0,0,0,0.65,Low
2026-05-05T06:30:00,University Circle,28.599113,77.261403,130.74,49.98,Storm,5.63,0,0,0.76,Medium
2026-05-05T06:45:00,University Circle,28.583804,77.169968,112.84,53.67,Rainy,0.52,0,0,0.95,Low
2026-05-05T07:00:00,City Mall,28.591294,77.25771,136.1,34.27,Storm,0.67,1,0,0.45,Medium
2026-05-05T07:15:00,University Circle,28.651959,77.262463,149.98,37.3,Rainy,2.4,0,0,0.61,Medium
2026-05-05T07:30:00,Downtown,28.649604,77.173854,157.46,50.64,Cloudy,0.0,0,0,0.22,Medium
2026-05-05T07:45:00,City Mall,28.686718,77.212612,103.79,42.37,Cloudy,0.0,0,0,0.26,Medium
2026-05-05T08:00:00,Airport Road,28.672044,77.193209,153.3,20.53,Clear,0.0,0,0,0.47,Medium
2026-05-05T08:15:00,Downtown,28.621737,77.164084,231.84,24.26,Clear,0.0,0,0,0.78,High
2026-05-05T08:30:00,Industrial Belt,28.545384,77.238219,173.48,39.69,Rainy,0.43,0,0,0.62,Medium
2026-05-05T08:45:00,Tech Park,28.598131,77.15438,162.19,18.43,Clear,0.0,0,0,0.72,High
2026-05-05T09:00:00,City Mall,28.541396,77.173187,168.52,31.86,Rainy,0.52,0,0,0.75,Medium
2026-05-05T09:15:00,University Circle,28.672548,77.220489,114.22,15.73,Rainy,0.61,0,1,0.61,Medium
2026-05-05T09:30:00,Downtown,28.646517,77.129698,198.28,20.2,Cloudy,0.0,1,0,0.57,High
2026-05-05T09:45:00,Industrial Belt,28.576935,77.205065,186.91,29.96,Clear,0.0,0,0,0.38,High
2026-05-05T10:00:00,Tech Park,28.635408,77.252325,187.7,14.09,Clear,0.0,0,0,0.62,High
2026-05-05T10:15:00,Industrial Belt,28.568419,77.23745,202.04,11.35,Clear,0.0,0,0,0.7,High
2026-05-05T10:30:00,Airport Road,28.689835,77.137352,167.98,53.58,Cloudy,0.0,0,0,0.73,Medium
2026-05-05T10:45:00,Industrial Belt,28.616438,77.171815,198.1,11.7,Clear,0.0,0,0,0.35,High
2026-05-05T11:00:00,Downtown,28.651692,77.181839,111.08,50.32,Rainy,5.32,0,0,0.45,Medium
2026-05-05T11:15:00,Airport Road,28.690062,77.149088,111.68,47.31,Clear,0.0,0,0,0.57,Low
2026-05-05T11:30:00,Airport Road,28.636598,77.220304,174.22,67.59,Cloudy,0.0,0,0,0.69,Medium
2026-05-05T11:45:00,University Circle,28.666662,77.225983,87.3,37.01,Clear,0.0,0,0,0.58,Low
2026-05-05T12:00:00,City Mall,28.653491,77.20481,142.25,45.25,Storm,1.98,0,0,0.48,Medium
2026-05-05T12:15:00,Tech Park,28.669451,77.179424,108.88,55.84,Clear,0.0,0,0,0.56,Low
2026-05-05T12:30:00,Airport Road,28.587874,77.244997,95.31,45.75,Cloudy,0.0,0,1,0.27,Medium
2026-05-05T12:45:00,Industrial Belt,28.600403,77.177307,119.45,36.61,Rainy,4.74,0,1,0.6,Medium
2026-05-05T13:00:00,Industrial Belt,28.603151,77.136024,174.89,42.59,Clear,0.0,0,0,0.33,Medium
2026-05-05T13:15:00,University Circle,28.660803,77.265606,121.68,48.98,Clear,0.0,0,0,0.58,Medium
2026-05-05T13:30:00,Tech Park,28.53617,77.261703,96.83,35.13,Cloudy,0.0,0,1,0.79,Medium
2026-05-05T13:45:00,Tech Park,28.65507,77.154867,183.15,42.71,Clear,0.0,0,0,0.59,Medium
2026-05-05T14:00:00,Industrial Belt,28.670733,77.22549,77.89,50.56,Clear,0.0,0,0,0.65,Low
2026-05-05T14:15:00,City Mall,28.569432,77.180467,136.44,53.57,Clear,0.0,0,0,0.93,Medium
2026-05-05T14:30:00,Tech Park,28.678121,77.153609,111.35,86.95,Cloudy,0.0,0,0,0.29,Low
2026-05-05T14:45:00,Industrial Belt,28.680848,77.281149,54.67,57.09,Rainy,2.35,0,0,0.27,Low
2026-05-05T15:00:00,Tech Park,28.674277,77.2849,91.86,53.95,Storm,2.42,0,0,0.39,Low
2026-05-05T15:15:00,University Circle,28.6023,77.181214,113.64,47.08,Clear,0.0,0,0,0.81,Low
2026-05-05T15:30:00,Tech Park,28.676122,77.216121,101.28,37.12,Clear,0.0,0,0,0.41,Medium
2026-05-05T15:45:00,Industrial Belt,28.545285,77.140041,120.39,53.52,Clear,0.0,0,0,0.77,Low
2026-05-05T16:00:00,Tech Park,28.665866,77.211506,82.51,37.75,Clear,0.0,0,0,0.54,Low
2026-05-05T16:15:00,City Mall,28.656387,77.129002,144.16,14.3,Clear,0.0,1,0,0.35,High
2026-05-05T16:30:00,University Circle,28.675138,77.137304,82.0,37.87,Rainy,0.44,0,0,0.7,Low
2026-05-05T16:45:00,City Mall,28.647919,77.259685,128.27,39.48,Rainy,0.33,1,0,0.81,Medium
2026-05-05T17:00:00,Downtown,28.59481,77.195315,119.8,31.6,Clear,0.0,0,0,0.24,Medium
2026-05-05T17:15:00,Downtown,28.630149,77.17645,213.96,39.64,Clear,0.0,0,0,0.66,High
2026-05-05T17:30:00,Tech Park,28.645454,77.243292,173.59,39.79,Cloudy,0.0,0,0,0.54,Medium
2026-05-05T17:45:00,Downtown,28.538837,77.137303,167.11,24.48,Cloudy,0.0,0,0,0.68,Medium
2026-05-05T18:00:00,City Mall,28.685435,77.208401,219.94,16.9,Rainy,1.0,0,0,0.28,High
2026-05-05T18:15:00,University Circle,28.614074,77.241991,167.5,57.48,Clear,0.0,0,0,0.9,Medium
2026-05-05T18:30:00,City Mall,28.687742,77.243306,186.55,32.76,Cloudy,0.0,0,0,0.55,Medium
2026-05-05T18:45:00,Industrial Belt,28.63388,77.220479,227.35,30.84,Clear,0.0,0,0,0.43,High
2026-05-05T19:00:00,Downtown,28.683499,77.197886,189.26,41.38,Clear,0.0,0,0,0.77,Medium
2026-05-05T19:15:00,University Circle,28.542954,77.188827,139.37,31.92,Cloudy,0.0,0,0,0.64,Medium
2026-05-05T19:30:00,University Circle,28.659543,77.225176,179.04,26.79,Storm,1.76,0,0,0.38,High
2026-05-05T19:45:00,Airport Road,28.601537,77.184444,127.62,22.2,Clear,0.0,0,0,0.72,Medium
2026-05-05T20:00:00,Industrial Belt,28.556931,77.224258,74.99,43.6,Cloudy,0.0,0,0,0.42,Low
2026-05-05T20:15:00,Tech Park,28.576684,77.131418,161.65,57.16,Cloudy,0.0,0,0,0.73,Medium
2026-05-05T20:30:00,Downtown,28.552631,77.200854,129.5,29.45,Rainy,2.57,0,0,0.46,Medium
2026-05-05T20:45:00,Downtown,28.536363,77.222268,115.04,41.07,Storm,0.11,0,0,0.39,Medium
2026-05-05T21:00:00,University Circle,28.547388,77.25815,115.07,48.13,Cloudy,0.0,0,1,0.6,Medium
2026-05-05T21:15:00,Airport Road,28.632027,77.23103,148.26,33.32,Clear,0.0,0,0,0.41,Medium
2026-05-05T21:30:00,City Mall,28.546243,77.274787,95.83,33.32,Clear,0.0,0,0,0.21,Medium
2026-05-05T21:45:00,Industrial Belt,28.686139,77.263159,137.49,50.66,Rainy,0.19,0,0,0.59,Medium
2026-05-05T22:00:00,Industrial Belt,28.580539,77.252319,71.84,40.92,Rainy,3.47,0,0,0.48,Low
2026-05-05T22:15:00,University Circle,28.606595,77.22984,149.07,32.79,Clear,0.0,0,0,0.45,Medium
2026-05-05T22:30:00,University Circle,28.629715,77.161176,150.09,25.02,Cloudy,0.0,0,0,0.84,Medium
2026-05-05T22:45:00,Downtown,28.656211,77.194547,76.02,54.76,Clear,0.0,0,0,0.65,Low
2026-05-05T23:00:00,University Circle,28.66416,77.238621,83.64,41.02,Clear,0.0,0,0,0.44,Low
2026-05-05T23:15:00,Downtown,28.591002,77.185606,136.87,51.57,Clear,0.0,0,1,0.34,Medium
2026-05-05T23:30:00,Tech Park,28.57734,77.166085,72.28,52.65,Clear,0.0,0,0,0.5,Low
2026-05-05T23:45:00,Downtown,28.671311,77.237311,126.12,46.98,Rainy,8.17,0,0,0.35,Medium
2026-05-06T00:00:00,Industrial Belt,28.595469,77.2073,175.82,39.4,Rainy,5.52,0,0,0.58,Medium
2026-05-06T00:15:00,Industrial Belt,28.56042,77.271537,95.16,29.9,Clear,0.0,0,0,0.29,Medium
2026-05-06T00:30:00,Industrial Belt,28.576716,77.182708,141.0,50.38,Storm,5.89,0,0,0.4,Medium
2026-05-06T00:45:00,Tech Park,28.561371,77.209018,180.19,57.18,Cloudy,0.0,0,0,0.51,Medium
2026-05-06T01:00:00,Downtown,28.613213,77.2783,132.41,44.46,Cloudy,0.0,0,0,0.75,Medium
2026-05-06T01:15:00,City Mall,28.658138,77.226814,145.06,50.03,Clear,0.0,0,0,0.71,Medium
2026-05-06T01:30:00,Tech Park,28.574424,77.130597,129.82,66.1,Rainy,2.25,0,0,0.61,Low
2026-05-06T01:45:00,Industrial Belt,28.61559,77.260296,105.47,14.64,Clear,0.0,0,0,0.31,Medium
2026-05-06T02:00:00,Airport Road,28.669568,77.216294,116.95,44.56,Cloudy,0.0,1,0,0.61,Medium
2026-05-06T02:15:00,City Mall,28.623349,77.180386,97.76,30.72,Clear,0.0,0,0,0.87,Medium
2026-05-06T02:30:00,Tech Park,28.589891,77.277686,110.1,58.32,Rainy,0.98,0,0,0.25,Low
2026-05-06T02:45:00,Tech Park,28.659014,77.24928,183.69,46.01,Clear,0.0,0,0,0.8,Medium
2026-05-06T03:00:00,City Mall,28.595759,77.234997,79.78,25.68,Clear,0.0,0,0,0.81,Medium
2026-05-06T03:15:00,Tech Park,28.626509,77.230183,107.47,43.89,Rainy,0.28,0,0,0.41,Medium
2026-05-06T03:30:00,Industrial Belt,28.672882,77.244895,95.94,49.55,Cloudy,0.0,0,0,0.84,Low
2026-05-06T03:45:00,Tech Park,28.68726,77.197974,177.07,74.04,Cloudy,0.0,0,0,0.78,Low
2026-05-06T04:00:00,City Mall,28.645043,77.163994,124.0,26.69,Cloudy,0.0,0,0,0.66,Medium
2026-05-06T04:15:00,Industrial Belt,28.659773,77.252786,97.55,50.46,Clear,0.0,0,0,0.72,Low
2026-05-06T04:30:00,City Mall,28.634706,77.266299,112.86,40.73,Clear,0.0,0,0,0.81,Medium
2026-05-06T04:45:00,City Mall,28.665967,77.264179,136.42,26.57,Clear,0.0,0,1,0.76,Medium
2026-05-06T05:00:00,City Mall,28.671184,77.288621,91.61,32.8,Clear,0.0,0,0,0.51,Medium
2026-05-06T05:15:00,University Circle,28.536092,77.141836,83.89,58.36,Clear,0.0,0,0,0.53,Low
2026-05-06T05:30:00,City Mall,28.62781,77.221952,143.09,66.23,Clear,0.0,0,0,0.46,Low
2026-05-06T05:45:00,University Circle,28.682562,77.183705,68.52,46.69,Storm,2.86,0,0,0.71,Low
2026-05-06T06:00:00,Tech Park,28.591889,77.267183,101.82,46.84,Cloudy,0.0,1,0,0.84,Medium
2026-05-06T06:15:00,Airport Road,28.600112,77.161667,132.42,46.12,Cloudy,0.0,0,0,0.45,Medium
2026-05-06T06:30:00,Tech Park,28.658556,77.226552,149.63,51.0,Rainy,1.63,0,0,0.65,Medium
2026-05-06T06:45:00,City Mall,28.667307,77.231812,126.0,41.4,Clear,0.0,0,0,0.59,Medium
2026-05-06T07:00:00,Industrial Belt,28.639347,77.162797,145.85,52.55,Clear,0.0,0,1,0.41,Medium
2026-05-06T07:15:00,Airport Road,28.568496,77.239594,176.89,61.89,Rainy,0.93,0,0,0.61,Medium
2026-05-06T07:30:00,Downtown,28.670308,77.279074,112.79,36.04,Clear,0.0,0,0,0.24,Medium
2026-05-06T07:45:00,Tech Park,28.545871,77.199153,111.92,49.0,Clear,0.0,0,0,0.55,Low
2026-05-06T08:00:00,University Circle,28.586101,77.176901,162.95,25.78,Clear,0.0,0,0,0.48,Medium
2026-05-06T08:15:00,Industrial Belt,28.672245,77.153788,191.62,29.62,Clear,0.0,0,0,0.4,High
2026-05-06T08:30:00,City Mall,28.610459,77.253889,142.21,16.49,Clear,0.0,0,0,0.61,Medium
2026-05-06T08:45:00,Tech Park,28.665481,77.138117,178.68,15.77,Rainy,4.32,0,0,0.67,High
2026-05-06T09:00:00,City Mall,28.692212,77.271323,138.55,24.01,Cloudy,0.0,0,0,0.77,Medium
2026-05-06T09:15:00,Downtown,28.671467,77.194089,177.83,23.69,Rainy,0.04,0,1,0.6,High
2026-05-06T09:30:00,Downtown,28.615964,77.268137,136.07,34.73,Rainy,1.43,0,0,0.51,Medium
2026-05-06T09:45:00,University Circle,28.568894,77.158254,188.04,23.42,Rainy,3.41,0,0,0.77,High
2026-05-06T10:00:00,University Circle,28.676938,77.182997,162.04,36.24,Clear,0.0,1,0,0.84,Medium
2026-05-06T10:15:00,Industrial Belt,28.617112,77.212512,232.29,36.33,Cloudy,0.0,0,0,0.31,High
2026-05-06T10:30:00,Airport Road,28.607232,77.185195,158.72,29.63,Rainy,0.48,0,0,0.6,Medium
2026-05-06T10:45:00,City Mall,28.608508,77.250692,173.44,29.46,Clear,0.0,0,1,0.33,High
2026-05-06T11:00:00,Tech Park,28.597559,77.261408,99.02,31.68,Cloudy,0.0,0,1,0.64,Medium
2026-05-06T11:15:00,Airport Road,28.578455,77.265477,257.42,52.79,Clear,0.0,0,0,0.69,High
2026-05-06T11:30:00,City Mall,28.551755,77.226331,91.49,38.44,Clear,0.0,0,0,0.45,Low
2026-05-06T11:45:00,Downtown,28.567625,77.218033,132.55,47.42,Rainy,1.95,0,0,0.4,Medium
2026-05-06T12:00:00,Downtown,28.571408,77.184213,115.12,51.06,Clear,0.0,0,0,0.59,Low
2026-05-06T12:15:00,Industrial Belt,28.581205,77.228139,125.63,75.4,Clear,0.0,0,0,0.9,Low
2026-05-06T12:30:00,Downtown,28.646899,77.22863,103.06,37.75,Clear,0.0,0,0,0.51,Medium
2026-05-06T12:45:00,Downtown,28.683578,77.158717,142.42,42.71,Clear,0.0,0,0,0.35,Medium
2026-05-06T13:00:00,Industrial Belt,28.605705,77.275117,130.44,29.24,Clear,0.0,0,0,0.7,Medium
2026-05-06T13:15:00,University Circle,28.542797,77.1301,142.24,31.59,Clear,0.0,0,1,0.75,Medium
2026-05-06T13:30:00,Downtown,28.604309,77.245754,81.28,46.74,Rainy,2.84,0,0,0.61,Low
2026-05-06T13:45:00,Tech Park,28.581891,77.224373,94.36,30.49,Clear,0.0,0,1,0.51,Medium
2026-05-06T14:00:00,Airport Road,28.65118,77.234386,186.83,54.72,Rainy,0.11,0,0,0.38,Medium
2026-05-06T14:15:00,City Mall,28.549698,77.141106,94.4,42.02,Cloudy,0.0,0,1,0.68,Medium
2026-05-06T14:30:00,University Circle,28.639295,77.214167,154.62,24.07,Rainy,2.75,1,0,0.54,High
2026-05-06T14:45:00,Tech Park,28.541956,77.137442,135.77,40.04,Clear,0.0,0,0,0.89,Medium
2026-05-06T15:00:00,Tech Park,28.591373,77.260768,116.72,60.91,Clear,0.0,0,0,0.36,Low
2026-05-06T15:15:00,Downtown,28.667435,77.186334,97.72,46.6,Clear,0.0,0,0,0.7,Low
2026-05-06T15:30:00,City Mall,28.595438,77.20246,134.38,42.76,Clear,0.0,0,0,0.46,Medium
2026-05-06T15:45:00,City Mall,28.583788,77.168964,121.21,59.25,Clear,0.0,0,0,0.83,Low
2026-05-06T16:00:00,Airport Road,28.552517,77.227047,126.29,50.85,Clear,0.0,0,0,0.76,Medium
2026-05-06T16:15:00,City Mall,28.604008,77.272882,108.23,44.23,Rainy,2.63,0,0,0.42,Medium
2026-05-06T16:30:00,University Circle,28.538565,77.27416,87.03,39.74,Cloudy,0.0,0,0,0.45,Low
2026-05-06T16:45:00,University Circle,28.575875,77.179088,41.04,37.04,Clear,0.0,0,0,0.51,Low
2026-05-06T17:00:00,City Mall,28.602453,77.246039,176.89,26.42,Rainy,2.07,0,0,0.68,High
2026-05-06T17:15:00,Tech Park,28.668974,77.206443,172.53,8.0,Cloudy,0.0,0,0,0.58,High
2026-05-06T17:30:00,University Circle,28.666458,77.243055,142.71,44.32,Clear,0.0,0,0,0.51,Medium
2026-05-06T17:45:00,Downtown,28.597934,77.254328,225.03,30.88,Cloudy,0.0,0,0,0.49,High
2026-05-06T18:00:00,Downtown,28.565595,77.139511,173.12,41.39,Cloudy,0.0,0,0,0.58,Medium
2026-05-06T18:15:00,Downtown,28.661454,77.244877,143.07,17.11,Rainy,4.85,0,0,0.54,High
2026-05-06T18:30:00,City Mall,28.667492,77.28495,177.81,25.52,Rainy,0.86,0,0,0.57,High
2026-05-06T18:45:00,Tech Park,28.671173,77.245985,161.8,16.81,Cloudy,0.0,0,0,0.4,High
2026-05-06T19:00:00,Industrial Belt,28.620972,77.173038,144.32,41.21,Rainy,3.45,0,0,0.17,Medium
2026-05-06T19:15:00,Downtown,28.569385,77.179809,167.02,27.4,Clear,0.0,0,0,0.29,Medium
2026-05-06T19:30:00,Industrial Belt,28.654295,77.137207,210.01,8.0,Clear,0.0,0,0,0.48,High
2026-05-06T19:45:00,University Circle,28.5685,77.162374,198.46,26.86,Cloudy,0.0,0,0,0.37,High
2026-05-06T20:00:00,Tech Park,28.542969,77.134548,111.46,63.81,Clear,0.0,0,0,0.4,Low
2026-05-06T20:15:00,Industrial Belt,28.58787,77.178906,150.19,49.09,Rainy,1.81,0,0,0.35,Medium
2026-05-06T20:30:00,University Circle,28.591576,77.236403,106.82,42.52,Storm,3.59,0,0,0.88,Medium
2026-05-06T20:45:00,Tech Park,28.603398,77.200431,173.89,58.27,Cloudy,0.0,0,0,0.25,Medium
2026-05-06T21:00:00,University Circle,28.622891,77.253723,101.39,52.96,Clear,0.0,0,0,0.42,Low
2026-05-06T21:15:00,Tech Park,28.579953,77.143923,84.78,40.87,Clear,0.0,0,1,0.76,Medium
2026-05-06T21:30:00,Industrial Belt,28.568894,77.138591,75.59,48.41,Rainy,0.42,0,0,0.69,Low
2026-05-06T21:45:00,Downtown,28.608354,77.131189,118.63,42.77,Clear,0.0,0,0,0.49,Medium
2026-05-06T22:00:00,Airport Road,28.649781,77.207816,160.84,51.11,Clear,0.0,0,0,0.68,Medium
2026-05-06T22:15:00,City Mall,28.630046,77.183553,46.26,42.93,Clear,0.0,0,0,0.69,Low
2026-05-06T22:30:00,Industrial Belt,28.659463,77.288106,64.27,55.49,Rainy,4.92,0,0,0.88,Low
2026-05-06T22:45:00,City Mall,28.639794,77.230394,111.67,45.55,Rainy,4.44,0,0,0.33,Medium
2026-05-06T23:00:00,Airport Road,28.681781,77.202707,49.58,44.86,Rainy,0.22,0,0,0.72,Low
2026-05-06T23:15:00,University Circle,28.590955,77.169717,120.87,41.39,Rainy,1.7,0,0,0.65,Medium
2026-05-06T23:30:00,Industrial Belt,28.640503,77.287214,101.09,28.85,Cloudy,0.0,0,0,0.41,Medium
2026-05-06T23:45:00,University Circle,28.676511,77.20321,113.57,41.87,Clear,0.0,0,0,0.19,Medium
2026-05-07T00:00:00,City Mall,28.645045,77.187347,149.5,59.48,Clear,0.0,0,0,0.49,Medium
2026-05-07T00:15:00,University Circle,28.65074,77.228068,166.55,39.49,Cloudy,0.0,0,0,0.24,Medium
2026-05-07T00:30:00,Airport Road,28.622068,77.21277,85.64,32.3,Clear,0.0,0,0,0.41,Medium
2026-05-07T00:45:00,University Circle,28.635944,77.260211,118.43,44.97,Cloudy,0.0,0,0,0.44,Medium
2026-05-07T01:00:00,Tech Park,28.558527,77.285325,81.37,46.63,Rainy,0.66,0,0,0.76,Low
2026-05-07T01:15:00,Downtown,28.689929,77.262313,141.94,47.24,Cloudy,0.0,0,0,0.81,Medium
2026-05-07T01:30:00,Tech Park,28.627427,77.284091,128.74,37.87,Clear,0.0,0,0,0.52,Medium
2026-05-07T01:45:00,Industrial Belt,28.613788,77.146014,115.23,57.72,Storm,0.56,0,0,0.95,Low
2026-05-07T02:00:00,Industrial Belt,28.555557,77.160622,100.06,35.81,Cloudy,0.0,0,0,0.4,Medium
2026-05-07T02:15:00,Airport Road,28.559926,77.246499,102.38,70.98,Rainy,4.53,0,0,0.4,Low
2026-05-07T02:30:00,University Circle,28.628743,77.152738,122.74,57.74,Clear,0.0,0,0,0.58,Low
2026-05-07T02:45:00,Industrial Belt,28.654721,77.22286,199.5,40.15,Rainy,0.65,0,0,0.71,Medium
2026-05-07T03:00:00,Tech Park,28.562245,77.244531,116.45,39.09,Cloudy,0.0,0,1,0.51,Medium
2026-05-07T03:15:00,City Mall,28.659648,77.227869,191.64,55.09,Clear,0.0,0,0,0.49,Medium
2026-05-07T03:30:00,City Mall,28.604277,77.232033,100.75,43.24,Cloudy,0.0,0,0,0.5,Low
2026-05-07T03:45:00,University Circle,28.565402,77.199584,69.27,37.32,Cloudy,0.0,0,0,0.4,Low
2026-05-07T04:00:00,Industrial Belt,28.608479,77.200262,116.11,46.46,Clear,0.0,0,0,0.64,Medium
2026-05-07T04:15:00,City Mall,28.617644,77.165284,139.72,37.89,Clear,0.0,0,0,0.59,Medium
2026-05-07T04:30:00,Airport Road,28.572966,77.224681,156.06,41.0,Storm,1.05,0,0,0.65,Medium
2026-05-07T04:45:00,University Circle,28.545285,77.220819,155.47,47.12,Cloudy,0.0,0,0,0.58,Medium
2026-05-07T05:00:00,City Mall,28.606091,77.181863,73.21,31.12,Cloudy,0.0,0,1,0.96,Medium
2026-05-07T05:15:00,Airport Road,28.553625,77.21197,94.9,29.58,Storm,2.16,0,0,0.57,Medium
2026-05-07T05:30:00,Tech Park,28.641482,77.15618,114.44,39.98,Rainy,6.85,0,1,0.37,Medium
2026-05-07T05:45:00,University Circle,28.688748,77.216978,75.0,44.55,Clear,0.0,0,0,0.38,Low
2026-05-07T06:00:00,Airport Road,28.545538,77.173896,127.4,59.17,Storm,0.73,0,0,0.46,Low
2026-05-07T06:15:00,University Circle,28.652249,77.226964,71.96,37.74,Rainy,3.39,0,0,0.61,Low
2026-05-07T06:30:00,Industrial Belt,28.598338,77.212138,147.45,33.41,Clear,0.0,0,1,0.84,Medium
2026-05-07T06:45:00,City Mall,28.603348,77.149411,58.61,31.86,Clear,0.0,0,0,0.67,Low
2026-05-07T07:00:00,Tech Park,28.625995,77.154833,124.63,75.84,Cloudy,0.0,0,0,0.31,Low
2026-05-07T07:15:00,University Circle,28.590673,77.253834,63.25,50.2,Cloudy,0.0,0,0,0.67,Low
2026-05-07T07:30:00,City Mall,28.604386,77.179769,171.33,33.86,Clear,0.0,0,1,0.65,High
2026-05-07T07:45:00,City Mall,28.651437,77.132831,142.42,46.48,Clear,0.0,0,0,0.7,Medium
2026-05-07T08:00:00,City Mall,28.55396,77.169578,254.22,13.87,Cloudy,0.0,0,0,0.7,High
2026-05-07T08:15:00,Tech Park,28.634215,77.258343,126.29,40.07,Clear,0.0,0,0,0.64,Medium
2026-05-07T08:30:00,Tech Park,28.582926,77.217821,160.14,11.33,Cloudy,0.0,0,0,0.89,High
2026-05-07T08:45:00,Tech Park,28.657527,77.243384,171.1,30.5,Clear,0.0,0,0,0.48,Medium
2026-05-07T09:00:00,Tech Park,28.68314,77.132222,207.48,57.64,Cloudy,0.0,0,1,0.28,Medium
2026-05-07T09:15:00,Tech Park,28.651647,77.162344,192.17,18.94,Clear,0.0,0,0,0.22,High
2026-05-07T09:30:00,Airport Road,28.655186,77.250601,142.95,20.32,Clear,0.0,1,0,0.25,High
2026-05-07T09:45:00,City Mall,28.582442,77.254103,206.6,42.65,Storm,0.42,0,0,0.5,Medium
2026-05-07T10:00:00,Tech Park,28.650078,77.187714,166.88,24.59,Clear,0.0,0,0,0.55,Medium
2026-05-07T10:15:00,Industrial Belt,28.659242,77.27448,172.15,46.1,Rainy,0.66,0,1,0.28,Medium
2026-05-07T10:30:00,Downtown,28.67842,77.171786,139.51,25.69,Cloudy,0.0,1,0,1.0,Medium
2026-05-07T10:45:00,Tech Park,28.656244,77.152471,191.6,31.7,Cloudy,0.0,0,0,0.58,High
2026-05-07T11:00:00,University Circle,28.582868,77.13919,197.44,35.02,Cloudy,0.0,0,1,0.53,High
2026-05-07T11:15:00,University Circle,28.68522,77.179067,156.03,55.47,Cloudy,0.0,0,0,0.51,Medium
2026-05-07T11:30:00,Industrial Belt,28.548004,77.160126,183.23,51.47,Cloudy,0.0,0,0,0.73,Medium
2026-05-07T11:45:00,University Circle,28.63059,77.202744,133.26,49.53,Rainy,4.62,0,0,0.74,Medium
2026-05-07T12:00:00,Tech Park,28.599144,77.270821,157.28,62.43,Clear,0.0,0,1,0.73,Medium
2026-05-07T12:15:00,City Mall,28.556181,77.130714,94.46,50.09,Clear,0.0,0,0,0.56,Low
2026-05-07T12:30:00,Tech Park,28.560694,77.203015,96.51,43.45,Clear,0.0,0,0,0.57,Low
2026-05-07T12:45:00,Airport Road,28.601451,77.25461,158.22,51.12,Cloudy,0.0,0,0,0.46,Medium
2026-05-07T13:00:00,Tech Park,28.54127,77.277932,162.69,54.55,Clear,0.0,0,0,0.41,Medium
2026-05-07T13:15:00,Tech Park,28.569042,77.129036,212.69,36.42,Clear,0.0,0,0,0.64,High
2026-05-07T13:30:00,Downtown,28.570995,77.24189,82.73,35.47,Clear,0.0,0,0,0.69,Low
2026-05-07T13:45:00,Airport Road,28.692993,77.166237,91.28,43.72,Rainy,0.92,0,0,0.75,Low
2026-05-07T14:00:00,Industrial Belt,28.535486,77.253487,120.98,48.33,Cloudy,0.0,1,0,0.55,Medium
2026-05-07T14:15:00,Industrial Belt,28.6591,77.27084,155.86,41.57,Clear,0.0,0,0,0.61,Medium
2026-05-07T14:30:00,University Circle,28.536824,77.273662,115.82,28.93,Clear,0.0,0,0,0.58,Medium
2026-05-07T14:45:00,Industrial Belt,28.594199,77.269145,119.44,55.99,Clear,0.0,0,1,0.52,Medium
2026-05-07T15:00:00,Downtown,28.584241,77.236843,108.57,33.19,Clear,0.0,0,0,0.73,Medium
2026-05-07T15:15:00,Downtown,28.6653,77.216141,140.52,40.05,Clear,0.0,0,0,0.83,Medium
2026-05-07T15:30:00,Tech Park,28.614295,77.131301,122.4,46.05,Rainy,1.06,0,0,0.83,Medium
2026-05-07T15:45:00,Downtown,28.614435,77.25643,147.66,60.61,Clear,0.0,0,0,0.32,Medium
2026-05-07T16:00:00,Tech Park,28.567484,77.170747,57.24,54.56,Clear,0.0,0,0,0.63,Low
2026-05-07T16:15:00,Tech Park,28.551289,77.286001,166.02,38.21,Clear,0.0,0,0,0.76,Medium
2026-05-07T16:30:00,Downtown,28.587466,77.179192,136.83,28.18,Clear,0.0,0,0,0.79,Medium
2026-05-07T16:45:00,Industrial Belt,28.572594,77.19716,122.53,47.57,Cloudy,0.0,0,0,0.84,Medium
2026-05-07T17:00:00,Airport Road,28.566554,77.204047,185.65,23.7,Clear,0.0,0,0,0.64,High
2026-05-07T17:15:00,Airport Road,28.537956,77.239408,167.21,28.18,Cloudy,0.0,0,0,0.45,Medium
2026-05-07T17:30:00,City Mall,28.669728,77.192563,170.76,38.65,Clear,0.0,0,0,0.44,Medium
2026-05-07T17:45:00,Industrial Belt,28.566827,77.247651,215.12,31.46,Cloudy,0.0,0,0,0.35,High
2026-05-07T18:00:00,Downtown,28.552285,77.129614,128.31,62.14,Cloudy,0.0,0,0,0.56,Low
2026-05-07T18:15:00,University Circle,28.608306,77.165317,190.56,32.11,Clear,0.0,0,1,0.45,High
2026-05-07T18:30:00,Tech Park,28.680655,77.217569,78.5,22.77,Clear,0.0,0,0,0.24,Medium
2026-05-07T18:45:00,Tech Park,28.592021,77.25603,185.59,36.86,Rainy,2.4,0,0,0.62,Medium
2026-05-07T19:00:00,Tech Park,28.627247,77.203273,166.39,58.22,Cloudy,0.0,0,0,0.48,Medium
2026-05-07T19:15:00,Downtown,28.611116,77.163565,268.35,28.95,Cloudy,0.0,0,0,0.65,High
2026-05-07T19:30:00,City Mall,28.632827,77.237908,184.81,55.07,Clear,0.0,0,0,0.3,Medium
2026-05-07T19:45:00,Downtown,28.668156,77.217106,138.67,35.69,Cloudy,0.0,0,0,0.42,Medium
2026-05-07T20:00:00,Airport Road,28.600827,77.178506,120.92,53.8,Cloudy,0.0,0,0,0.62,Low
2026-05-07T20:15:00,City Mall,28.596882,77.20475,157.96,40.05,Rainy,3.65,0,0,0.5,Medium
2026-05-07T20:30:00,Tech Park,28.652279,77.255244,75.23,46.86,Rainy,2.35,0,0,0.59,Low
2026-05-07T20:45:00,Tech Park,28.682726,77.213414,98.71,49.36,Clear,0.0,0,0,0.34,Low
2026-05-07T21:00:00,Tech Park,28.647784,77.272737,132.13,33.01,Clear,0.0,0,0,0.59,Medium
2026-05-07T21:15:00,City Mall,28.64057,77.228741,111.27,75.02,Cloudy,0.0,0,0,0.65,Low
2026-05-07T21:30:00,Airport Road,28.547495,77.198799,100.81,35.88,Clear,0.0,0,0,0.9,Medium
2026-05-07T21:45:00,Airport Road,28.681523,77.209379,161.41,34.69,Clear,0.0,0,0,0.85,Medium
2026-05-07T22:00:00,University Circle,28.547564,77.284594,132.62,73.69,Clear,0.0,0,0,0.62,Low
2026-05-07T22:15:00,Airport Road,28.550886,77.262996,94.97,37.68,Cloudy,0.0,0,0,0.37,Medium
2026-05-07T22:30:00,Tech Park,28.598269,77.196993,126.95,62.7,Cloudy,0.0,0,0,0.41,Low
2026-05-07T22:45:00,Downtown,28.596822,77.227674,106.47,55.88,Cloudy,0.0,0,0,0.5,Low
2026-05-07T23:00:00,Airport Road,28.692822,77.267969,134.45,53.48,Clear,0.0,0,0,1.0,Medium
2026-05-07T23:15:00,Tech Park,28.606804,77.206123,91.67,56.48,Clear,0.0,0,0,0.71,Low
2026-05-07T23:30:00,City Mall,28.560236,77.139221,118.94,32.24,Cloudy,0.0,0,0,0.42,Medium
2026-05-07T23:45:00,Tech Park,28.536465,77.28319,167.95,25.41,Clear,0.0,0,1,0.37,High
2026-05-08T00:00:00,Industrial Belt,28.656516,77.194027,127.22,48.95,Rainy,3.43,0,0,0.69,Medium
2026-05-08T00:15:00,Airport Road,28.654932,77.204865,159.46,51.76,Clear,0.0,0,0,0.31,Medium
2026-05-08T00:30:00,City Mall,28.604753,77.264563,133.95,50.25,Clear,0.0,0,0,0.1,Medium
2026-05-08T00:45:00,Airport Road,28.595976,77.261731,124.95,31.82,Rainy,5.36,0,0,0.66,Medium
2026-05-08T01:00:00,Industrial Belt,28.583549,77.19286,99.35,36.11,Storm,0.71,0,0,0.29,Medium
2026-05-08T01:15:00,City Mall,28.603425,77.268125,101.66,36.89,Rainy,0.35,0,0,0.4,Medium
2026-05-08T01:30:00,Airport Road,28.570762,77.175279,146.25,62.5,Clear,0.0,0,0,0.34,Low
2026-05-08T01:45:00,Industrial Belt,28.675395,77.153279,178.95,57.0,Clear,0.0,0,0,0.51,Medium
2026-05-08T02:00:00,Industrial Belt,28.540044,77.18792,120.08,44.33,Cloudy,0.0,0,0,0.61,Medium
2026-05-08T02:15:00,Downtown,28.661549,77.267299,66.84,13.43,Clear,0.0,0,0,0.41,Medium
2026-05-08T02:30:00,City Mall,28.600646,77.26944,118.79,51.32,Cloudy,0.0,0,1,0.46,Medium
2026-05-08T02:45:00,City Mall,28.598172,77.20944,135.5,56.96,Cloudy,0.0,0,0,0.51,Low
2026-05-08T03:00:00,Tech Park,28.588784,77.2871,96.51,29.05,Rainy,1.46,0,1,0.38,Medium
2026-05-08T03:15:00,City Mall,28.656439,77.141674,154.38,40.79,Rainy,0.25,0,0,0.6,Medium
2026-05-08T03:30:00,Industrial Belt,28.603154,77.214687,88.75,16.36,Rainy,0.87,0,0,0.1,Medium
2026-05-08T03:45:00,Industrial Belt,28.676371,77.171035,139.99,20.9,Storm,1.09,0,0,0.48,Medium
2026-05-08T04:00:00,University Circle,28.6507,77.186241,161.49,66.88,Clear,0.0,0,0,0.51,Low
2026-05-08T04:15:00,Downtown,28.534889,77.258709,108.78,45.3,Clear,0.0,0,0,0.61,Low
2026-05-08T04:30:00,Downtown,28.675118,77.144517,56.86,44.08,Clear,0.0,0,0,0.52,Low
2026-05-08T04:45:00,University Circle,28.631715,77.188356,98.62,51.05,Clear,0.0,0,0,0.53,Low
2026-05-08T05:00:00,City Mall,28.616119,77.256463,172.85,60.17,Clear,0.0,0,0,0.37,Medium
2026-05-08T05:15:00,University Circle,28.535354,77.232728,20.0,52.1,Storm,4.14,0,0,0.59,Low
2026-05-08T05:30:00,Industrial Belt,28.682032,77.234599,85.74,41.46,Clear,0.0,0,0,0.6,Low
2026-05-08T05:45:00,Tech Park,28.573521,77.184688,86.02,22.35,Cloudy,0.0,0,0,0.44,Medium
2026-05-08T06:00:00,Airport Road,28.570751,77.146026,110.46,47.92,Rainy,1.71,0,0,0.84,Medium
2026-05-08T06:15:00,Downtown,28.572556,77.238005,146.6,63.35,Clear,0.0,0,0,0.82,Low
2026-05-08T06:30:00,Industrial Belt,28.597167,77.23895,141.2,41.01,Clear,0.0,0,0,0.78,Medium
2026-05-08T06:45:00,University Circle,28.545526,77.160855,162.23,26.67,Cloudy,0.0,0,0,0.42,Medium
2026-05-08T07:00:00,City Mall,28.649486,77.130183,96.21,31.3,Rainy,1.61,0,0,0.75,Medium
2026-05-08T07:15:00,University Circle,28.576587,77.209948,85.55,50.94,Rainy,2.29,0,0,0.58,Low
2026-05-08T07:30:00,Downtown,28.658335,77.165134,108.22,47.69,Clear,0.0,0,0,0.51,Low
2026-05-08T07:45:00,Airport Road,28.605312,77.245323,143.85,31.16,Cloudy,0.0,0,0,0.63,Medium
2026-05-08T08:00:00,City Mall,28.534232,77.170713,234.49,51.5,Clear,0.0,0,0,0.58,Medium
2026-05-08T08:15:00,University Circle,28.542086,77.166257,111.19,29.01,Clear,0.0,0,0,0.51,Medium
2026-05-08T08:30:00,Downtown,28.606712,77.155169,121.45,41.11,Clear,0.0,0,0,0.28,Medium
2026-05-08T08:45:00,Airport Road,28.540101,77.208928,152.69,40.57,Rainy,3.09,0,0,0.45,Medium
2026-05-08T09:00:00,Tech Park,28.576318,77.198122,186.7,19.28,Cloudy,0.0,0,0,0.63,High
2026-05-08T09:15:00,Airport Road,28.67278,77.26151,171.72,22.0,Clear,0.0,0,0,0.59,High
2026-05-08T09:30:00,Tech Park,28.677806,77.150365,220.91,25.05,Storm,2.47,1,0,0.1,High
2026-05-08T09:45:00,Tech Park,28.588454,77.288628,148.48,18.43,Rainy,3.22,1,0,0.64,High
2026-05-08T10:00:00,University Circle,28.642853,77.269692,283.71,42.91,Clear,0.0,0,0,0.3,High
2026-05-08T10:15:00,Tech Park,28.666122,77.24124,194.68,21.98,Clear,0.0,0,1,0.54,High
2026-05-08T10:30:00,Tech Park,28.577927,77.192674,172.98,36.42,Rainy,2.73,0,0,0.68,Medium
2026-05-08T10:45:00,City Mall,28.55394,77.233882,183.59,24.21,Rainy,1.36,0,0,0.72,High
2026-05-08T11:00:00,Industrial Belt,28.614066,77.220642,94.29,20.76,Cloudy,0.0,0,0,0.51,Medium
2026-05-08T11:15:00,Airport Road,28.616144,77.225921,122.25,50.52,Cloudy,0.0,0,0,0.95,Low
2026-05-08T11:30:00,Industrial Belt,28.563754,77.159117,160.24,48.56,Clear,0.0,0,0,0.45,Medium
2026-05-08T11:45:00,Downtown,28.579349,77.288164,154.75,44.25,Clear,0.0,0,0,0.64,Medium
2026-05-08T12:00:00,City Mall,28.641937,77.161941,89.58,40.88,Clear,0.0,0,0,0.57,Low
2026-05-08T12:15:00,Airport Road,28.588828,77.181571,133.56,25.36,Rainy,3.73,0,0,0.54,Medium
2026-05-08T12:30:00,Airport Road,28.636372,77.179266,192.13,30.67,Rainy,2.09,0,0,0.63,High
2026-05-08T12:45:00,Airport Road,28.569465,77.162297,99.77,35.16,Rainy,3.44,0,0,0.71,Medium
2026-05-08T13:00:00,City Mall,28.598775,77.286454,119.51,32.63,Clear,0.0,0,0,0.36,Medium
2026-05-08T13:15:00,University Circle,28.575334,77.269599,137.11,29.81,Clear,0.0,0,0,0.57,Medium
2026-05-08T13:30:00,Airport Road,28.564028,77.177598,71.79,42.86,Rainy,0.48,0,0,0.46,Low
2026-05-08T13:45:00,Downtown,28.592444,77.165703,157.6,41.87,Cloudy,0.0,0,0,0.33,Medium
2026-05-08T14:00:00,Downtown,28.560079,77.239684,145.99,37.35,Clear,0.0,0,1,0.82,Medium
2026-05-08T14:15:00,Industrial Belt,28.603942,77.178659,72.17,49.44,Clear,0.0,0,0,0.66,Low
2026-05-08T14:30:00,Downtown,28.534492,77.15501,73.27,31.92,Rainy,0.31,0,1,0.74,Medium
2026-05-08T14:45:00,University Circle,28.638265,77.193832,88.63,47.63,Clear,0.0,0,0,0.43,Low
2026-05-08T15:00:00,Industrial Belt,28.642522,77.166888,90.48,46.17,Cloudy,0.0,1,0,0.52,Medium
2026-05-08T15:15:00,Tech Park,28.560097,77.176908,110.03,39.01,Rainy,0.61,1,0,0.51,Medium
2026-05-08T15:30:00,Downtown,28.647334,77.273976,164.2,55.52,Rainy,0.56,0,0,0.36,Medium
2026-05-08T15:45:00,University Circle,28.591629,77.249456,81.97,45.0,Cloudy,0.0,0,0,0.72,Low
2026-05-08T16:00:00,Industrial Belt,28.661323,77.224266,132.69,42.41,Cloudy,0.0,0,0,0.72,Medium
2026-05-08T16:15:00,City Mall,28.634183,77.133608,73.15,55.36,Clear,0.0,0,0,0.71,Low
2026-05-08T16:30:00,Downtown,28.564675,77.24378,130.0,30.29,Clear,0.0,0,1,0.78,Medium
2026-05-08T16:45:00,Tech Park,28.603547,77.213025,142.22,35.87,Rainy,0.31,0,0,0.47,Medium
2026-05-08T17:00:00,Downtown,28.6004,77.170328,193.52,40.05,Clear,0.0,0,0,0.29,Medium
2026-05-08T17:15:00,Downtown,28.610729,77.206742,226.02,39.77,Rainy,1.79,0,0,0.3,High
2026-05-08T17:30:00,Industrial Belt,28.573231,77.275375,178.79,34.41,Cloudy,0.0,0,0,0.53,Medium
2026-05-08T17:45:00,Tech Park,28.68269,77.202393,160.17,19.05,Clear,0.0,0,0,0.5,High
2026-05-08T18:00:00,Tech Park,28.691432,77.235625,147.22,37.83,Clear,0.0,1,0,0.26,Medium
2026-05-08T18:15:00,City Mall,28.688218,77.17531,196.39,29.76,Clear,0.0,0,0,0.47,High
2026-05-08T18:30:00,University Circle,28.619229,77.288359,180.3,35.36,Cloudy,0.0,0,0,0.62,Medium
2026-05-08T18:45:00,Downtown,28.537044,77.269703,177.1,32.92,Clear,0.0,0,0,0.5,Medium
2026-05-08T19:00:00,University Circle,28.637918,77.247724,189.48,39.47,Cloudy,0.0,0,0,0.6,Medium
2026-05-08T19:15:00,University Circle,28.685444,77.194034,176.77,48.68,Rainy,0.75,0,0,0.66,Medium
2026-05-08T19:30:00,University Circle,28.563163,77.219791,193.35,28.79,Clear,0.0,0,1,0.59,High
2026-05-08T19:45:00,Downtown,28.536142,77.219697,292.91,32.38,Rainy,2.6,0,0,0.41,Very High
2026-05-08T20:00:00,Tech Park,28.553993,77.251487,119.93,37.23,Rainy,0.37,0,0,0.41,Medium
2026-05-08T20:15:00,University Circle,28.616838,77.140664,126.82,28.62,Rainy,3.06,1,0,0.84,Medium
2026-05-08T20:30:00,Tech Park,28.640983,77.259402,110.02,34.4,Clear,0.0,0,1,0.36,Medium
2026-05-08T20:45:00,Industrial Belt,28.575931,77.268963,133.71,37.07,Clear,0.0,0,0,0.43,Medium
2026-05-08T21:00:00,City Mall,28.571609,77.243186,145.27,48.13,Clear,0.0,0,0,0.73,Medium
2026-05-08T21:15:00,Tech Park,28.606423,77.265508,93.07,46.78,Clear,0.0,0,0,0.63,Low
2026-05-08T21:30:00,Industrial Belt,28.669613,77.207877,43.58,31.86,Rainy,1.06,0,0,0.76,Low
2026-05-08T21:45:00,University Circle,28.679236,77.225732,210.43,59.99,Storm,1.06,0,0,0.59,Medium
2026-05-08T22:00:00,Downtown,28.539525,77.180703,195.23,67.0,Clear,0.0,0,1,0.3,Medium
2026-05-08T22:15:00,Downtown,28.613503,77.173152,95.22,41.0,Cloudy,0.0,0,0,0.58,Low
2026-05-08T22:30:00,Downtown,28.649543,77.280249,125.52,54.46,Cloudy,0.0,0,0,0.63,Low
2026-05-08T22:45:00,University Circle,28.678846,77.149262,104.16,44.65,Clear,0.0,0,1,0.31,Medium
2026-05-08T23:00:00,Industrial Belt,28.651461,77.180445,119.53,55.38,Cloudy,0.0,0,0,0.29,Low
2026-05-08T23:15:00,Airport Road,28.534527,77.288914,124.7,52.05,Cloudy,0.0,0,0,0.66,Low
2026-05-08T23:30:00,University Circle,28.594055,77.25001,91.78,45.91,Clear,0.0,0,0,0.58,Low
2026-05-08T23:45:00,Tech Park,28.619156,77.204411,140.62,48.86,Clear,0.0,0,0,0.46,Medium
2026-05-09T00:00:00,Downtown,28.68529,77.221763,97.72,45.68,Clear,0.0,0,0,0.71,Low
2026-05-09T00:15:00,University Circle,28.640404,77.207957,153.21,51.59,Clear,0.0,0,0,0.61,Medium
2026-05-09T00:30:00,University Circle,28.542848,77.151749,125.14,38.73,Clear,0.0,0,0,1.0,Medium
2026-05-09T00:45:00,Airport Road,28.625369,77.182065,159.81,45.75,Cloudy,0.0,0,0,0.87,Medium
2026-05-09T01:00:00,Industrial Belt,28.662332,77.255086,93.94,40.03,Clear,0.0,0,0,0.4,Low
2026-05-09T01:15:00,Downtown,28.681201,77.143981,136.64,46.45,Clear,0.0,0,0,0.64,Medium
2026-05-09T01:30:00,Tech Park,28.548367,77.280657,91.23,30.37,Clear,0.0,0,0,0.5,Medium
2026-05-09T01:45:00,University Circle,28.682965,77.145774,86.16,46.82,Cloudy,0.0,0,0,0.24,Low
2026-05-09T02:00:00,Airport Road,28.663399,77.189685,121.71,18.31,Cloudy,0.0,0,0,0.61,Medium
2026-05-09T02:15:00,University Circle,28.636974,77.233116,117.2,64.96,Rainy,2.13,0,0,0.47,Low
2026-05-09T02:30:00,University Circle,28.6766,77.174946,128.35,35.93,Clear,0.0,0,1,0.49,Medium
2026-05-09T02:45:00,University Circle,28.667707,77.163474,120.11,59.76,Storm,1.12,0,1,0.44,Medium
2026-05-09T03:00:00,Tech Park,28.606341,77.262686,168.95,64.16,Rainy,5.23,0,0,0.58,Medium
2026-05-09T03:15:00,Industrial Belt,28.62491,77.267836,136.78,44.16,Cloudy,0.0,0,0,0.53,Medium
2026-05-09T03:30:00,Airport Road,28.645634,77.176007,130.82,59.54,Clear,0.0,0,0,0.74,Low
2026-05-09T03:45:00,University Circle,28.63489,77.155179,125.94,79.13,Clear,0.0,0,0,0.87,Low
2026-05-09T04:00:00,City Mall,28.578304,77.278346,115.64,51.78,Cloudy,0.0,0,0,0.84,Low
2026-05-09T04:15:00,Downtown,28.591499,77.141276,64.16,20.53,Cloudy,0.0,0,0,0.49,Medium
2026-05-09T04:30:00,Downtown,28.648649,77.215095,137.58,25.43,Rainy,1.65,0,0,0.37,Medium
2026-05-09T04:45:00,City Mall,28.641423,77.230668,90.94,50.89,Rainy,2.47,0,0,0.5,Low
2026-05-09T05:00:00,Tech Park,28.620388,77.202313,172.18,46.86,Clear,0.0,0,0,0.62,Medium
2026-05-09T05:15:00,City Mall,28.634608,77.170106,138.24,59.24,Cloudy,0.0,0,1,0.33,Medium
2026-05-09T05:30:00,Industrial Belt,28.567396,77.135307,135.97,53.77,Storm,2.65,0,0,0.94,Medium
2026-05-09T05:45:00,University Circle,28.692593,77.171577,95.96,41.82,Cloudy,0.0,0,0,0.77,Low
2026-05-09T06:00:00,Downtown,28.692403,77.173463,47.39,44.74,Clear,0.0,0,0,0.51,Low
2026-05-09T06:15:00,Airport Road,28.687535,77.234654,130.01,39.79,Clear,0.0,0,0,0.55,Medium
2026-05-09T06:30:00,Airport Road,28.566735,77.159323,106.77,36.02,Rainy,3.16,0,1,0.71,Medium
2026-05-09T06:45:00,Airport Road,28.543218,77.170964,78.74,42.36,Rainy,0.59,0,1,0.71,Medium
2026-05-09T07:00:00,Downtown,28.616331,77.252944,180.98,69.65,Clear,0.0,0,0,0.72,Medium
2026-05-09T07:15:00,University Circle,28.63348,77.197958,201.36,54.16,Clear,0.0,0,0,0.27,Medium
2026-05-09T07:30:00,Industrial Belt,28.629997,77.138997,87.52,54.14,Cloudy,0.0,1,0,0.89,Low
2026-05-09T07:45:00,City Mall,28.619999,77.140288,115.65,57.35,Cloudy,0.0,0,0,0.64,Low
2026-05-09T08:00:00,Tech Park,28.654503,77.228521,237.08,33.14,Rainy,0.18,1,0,0.79,High
2026-05-09T08:15:00,Tech Park,28.612684,77.262877,162.09,20.74,Clear,0.0,0,0,0.36,High
2026-05-09T08:30:00,Airport Road,28.593394,77.133134,106.4,38.27,Clear,0.0,0,0,0.43,Medium
2026-05-09T08:45:00,University Circle,28.539655,77.234344,197.01,9.14,Clear,0.0,0,1,0.61,High
2026-05-09T09:00:00,Tech Park,28.661753,77.210357,170.3,36.99,Rainy,0.92,0,0,0.66,Medium
2026-05-09T09:15:00,City Mall,28.67914,77.245763,158.2,25.93,Clear,0.0,0,0,0.58,Medium
2026-05-09T09:30:00,University Circle,28.682091,77.130456,175.65,27.46,Cloudy,0.0,0,0,0.33,Medium
2026-05-09T09:45:00,Downtown,28.623333,77.182823,194.69,34.89,Cloudy,0.0,0,0,0.55,Medium
2026-05-09T10:00:00,Tech Park,28.604631,77.182457,269.29,37.8,Clear,0.0,0,0,0.46,High
2026-05-09T10:15:00,City Mall,28.579215,77.270026,174.73,50.28,Clear,0.0,0,0,0.81,Medium
2026-05-09T10:30:00,Industrial Belt,28.645422,77.218619,134.44,8.0,Cloudy,0.0,0,0,0.63,High
2026-05-09T10:45:00,Airport Road,28.594097,77.277093,187.93,55.46,Rainy,1.63,0,0,0.78,Medium
2026-05-09T11:00:00,City Mall,28.56447,77.255482,87.68,22.84,Clear,0.0,0,0,0.47,Medium
2026-05-09T11:15:00,Industrial Belt,28.53856,77.252057,115.76,55.89,Cloudy,0.0,0,0,0.1,Low
2026-05-09T11:30:00,Tech Park,28.55455,77.214897,192.18,42.9,Rainy,2.33,0,0,0.6,Medium
2026-05-09T11:45:00,Downtown,28.593303,77.209272,102.25,38.11,Clear,0.0,0,0,0.61,Medium
2026-05-09T12:00:00,Airport Road,28.68953,77.174735,112.79,38.13,Rainy,4.89,0,1,0.5,Medium
2026-05-09T12:15:00,Downtown,28.678999,77.222979,116.43,34.89,Rainy,1.52,0,0,0.81,Medium
2026-05-09T12:30:00,Airport Road,28.649802,77.159329,114.21,56.27,Clear,0.0,0,0,0.89,Low
2026-05-09T12:45:00,University Circle,28.574091,77.180291,65.16,40.05,Cloudy,0.0,0,0,0.42,Low
2026-05-09T13:00:00,Airport Road,28.661254,77.177921,165.36,39.4,Clear,0.0,0,0,0.9,Medium
2026-05-09T13:15:00,City Mall,28.574412,77.217847,165.06,70.37,Clear,0.0,0,0,0.62,Low
2026-05-09T13:30:00,City Mall,28.618632,77.193141,156.45,31.07,Clear,0.0,0,0,0.26,Medium
2026-05-09T13:45:00,Tech Park,28.652441,77.234898,97.67,58.45,Clear,0.0,0,0,0.46,Low
2026-05-09T14:00:00,Airport Road,28.570253,77.194025,132.93,50.22,Clear,0.0,0,0,0.55,Medium
2026-05-09T14:15:00,Industrial Belt,28.568824,77.149872,45.44,32.86,Cloudy,0.0,0,1,0.7,Low
2026-05-09T14:30:00,University Circle,28.653217,77.134625,168.99,49.4,Clear,0.0,0,0,0.52,Medium
2026-05-09T14:45:00,University Circle,28.683253,77.184135,119.7,47.68,Rainy,0.29,0,1,0.75,Medium
2026-05-09T15:00:00,City Mall,28.65188,77.270153,127.36,63.96,Storm,0.95,0,0,0.33,Low
2026-05-09T15:15:00,Airport Road,28.605833,77.262898,131.37,32.93,Clear,0.0,0,0,0.37,Medium
2026-05-09T15:30:00,Downtown,28.620945,77.218567,204.11,50.24,Clear,0.0,0,0,0.77,Medium
2026-05-09T15:45:00,Industrial Belt,28.651787,77.201547,134.74,41.7,Cloudy,0.0,0,0,0.15,Medium
2026-05-09T16:00:00,Tech Park,28.658434,77.279594,126.79,58.11,Clear,0.0,0,0,0.61,Low
2026-05-09T16:15:00,Downtown,28.574646,77.288711,96.67,40.56,Clear,0.0,0,0,0.49,Low
2026-05-09T16:30:00,University Circle,28.619566,77.255144,128.83,60.13,Clear,0.0,0,0,0.74,Low
2026-05-09T16:45:00,Tech Park,28.554841,77.166691,139.93,43.12,Cloudy,0.0,1,1,0.88,Medium
2026-05-09T17:00:00,Industrial Belt,28.571356,77.138588,142.67,30.6,Storm,3.22,0,1,0.47,Medium
2026-05-09T17:15:00,City Mall,28.558945,77.187662,142.26,34.53,Storm,0.22,0,0,0.16,Medium
2026-05-09T17:30:00,Downtown,28.644272,77.225391,180.71,18.22,Rainy,0.25,0,0,0.44,High
2026-05-09T17:45:00,Airport Road,28.582438,77.191854,190.69,14.95,Storm,0.52,0,0,0.55,High
2026-05-09T18:00:00,Downtown,28.610425,77.157902,245.99,28.41,Clear,0.0,0,0,0.76,High
2026-05-09T18:15:00,University Circle,28.683766,77.146005,184.08,29.26,Cloudy,0.0,0,0,0.77,High
2026-05-09T18:30:00,Airport Road,28.595271,77.207678,129.02,24.94,Clear,0.0,0,0,0.67,Medium
2026-05-09T18:45:00,University Circle,28.594249,77.273534,158.55,32.5,Clear,0.0,0,0,0.66,Medium
2026-05-09T19:00:00,Airport Road,28.632356,77.194911,191.2,13.12,Cloudy,0.0,0,0,0.79,High
2026-05-09T19:15:00,Tech Park,28.58519,77.143963,215.27,17.56,Rainy,1.24,0,0,0.2,High
2026-05-09T19:30:00,Tech Park,28.628777,77.215029,179.26,37.79,Clear,0.0,0,1,0.49,Medium
2026-05-09T19:45:00,Tech Park,28.572771,77.274338,177.54,19.22,Rainy,0.35,0,0,0.87,High
2026-05-09T20:00:00,Industrial Belt,28.597855,77.281593,71.91,56.61,Clear,0.0,0,0,0.48,Low
2026-05-09T20:15:00,Airport Road,28.546001,77.22133,192.89,56.76,Clear,0.0,0,0,0.62,Medium
2026-05-09T20:30:00,Airport Road,28.657299,77.13521,125.79,28.42,Rainy,2.11,0,0,0.6,Medium
2026-05-09T20:45:00,Industrial Belt,28.538871,77.280504,92.46,35.59,Clear,0.0,0,0,0.66,Medium
2026-05-09T21:00:00,Downtown,28.665234,77.166815,129.06,32.02,Clear,0.0,0,0,0.84,Medium
2026-05-09T21:15:00,University Circle,28.667642,77.145204,79.91,54.62,Clear,0.0,0,0,0.69,Low
2026-05-09T21:30:00,Tech Park,28.687435,77.255826,90.26,43.07,Clear,0.0,1,0,1.0,Medium
2026-05-09T21:45:00,Airport Road,28.535407,77.258407,146.54,28.92,Cloudy,0.0,0,1,0.48,Medium
2026-05-09T22:00:00,City Mall,28.597069,77.232368,142.52,62.42,Clear,0.0,0,0,0.42,Low
2026-05-09T22:15:00,City Mall,28.618261,77.277779,55.62,8.0,Clear,0.0,0,0,0.56,Medium
2026-05-09T22:30:00,Airport Road,28.603753,77.230408,144.15,21.16,Clear,0.0,0,1,0.44,High
2026-05-09T22:45:00,Downtown,28.536046,77.132111,113.89,45.3,Clear,0.0,0,0,0.67,Medium
2026-05-09T23:00:00,Industrial Belt,28.583476,77.142727,207.6,35.95,Clear,0.0,0,0,0.62,High
2026-05-09T23:15:00,Tech Park,28.638577,77.173069,99.3,33.29,Cloudy,0.0,0,0,0.51,Medium
2026-05-09T23:30:00,University Circle,28.564504,77.211739,113.78,47.21,Cloudy,0.0,0,0,0.48,Low
2026-05-09T23:45:00,Airport Road,28.659385,77.222428,123.8,42.95,Clear,0.0,0,0,0.61,Medium
2026-05-10T00:00:00,Industrial Belt,28.618244,77.251234,126.85,55.33,Cloudy,0.0,0,0,0.68,Low
2026-05-10T00:15:00,Tech Park,28.683275,77.244194,92.61,53.48,Clear,0.0,0,0,0.49,Low
2026-05-10T00:30:00,Industrial Belt,28.615264,77.179952,139.0,33.91,Rainy,3.92,0,0,0.92,Medium
2026-05-10T00:45:00,City Mall,28.67146,77.202321,80.29,34.49,Cloudy,0.0,0,0,0.4,Low
2026-05-10T01:00:00,University Circle,28.590922,77.145152,123.64,48.78,Cloudy,0.0,0,0,0.52,Medium
2026-05-10T01:15:00,Downtown,28.681456,77.223811,50.56,45.46,Cloudy,0.0,0,0,0.12,Low
2026-05-10T01:30:00,Industrial Belt,28.655108,77.258563,108.57,51.4,Clear,0.0,0,0,0.69,Low
2026-05-10T01:45:00,Tech Park,28.547138,77.275413,167.4,43.99,Clear,0.0,0,0,0.21,Medium
2026-05-10T02:00:00,Tech Park,28.561223,77.171754,78.65,45.37,Cloudy,0.0,0,0,0.48,Low
2026-05-10T02:15:00,Industrial Belt,28.574729,77.266355,93.92,71.7,Clear,0.0,0,0,0.82,Low
2026-05-10T02:30:00,Airport Road,28.57945,77.271017,85.75,40.65,Cloudy,0.0,0,0,0.56,Low
2026-05-10T02:45:00,University Circle,28.665973,77.13796,109.27,78.15,Clear,0.0,0,0,0.27,Low
2026-05-10T03:00:00,University Circle,28.576346,77.273632,139.46,22.14,Clear,0.0,0,0,0.26,Medium
2026-05-10T03:15:00,Industrial Belt,28.66462,77.194407,107.05,59.01,Clear,0.0,0,0,0.4,Low
2026-05-10T03:30:00,Tech Park,28.585214,77.283227,114.93,45.52,Clear,0.0,0,0,0.59,Medium
2026-05-10T03:45:00,Downtown,28.62515,77.137572,108.31,49.06,Clear,0.0,0,0,0.37,Low
2026-05-10T04:00:00,Downtown,28.685648,77.263794,106.56,47.43,Clear,0.0,0,0,0.14,Low
2026-05-10T04:15:00,Tech Park,28.662159,77.229867,112.67,34.36,Cloudy,0.0,0,0,0.29,Medium
2026-05-10T04:30:00,University Circle,28.581511,77.255287,53.33,48.09,Clear,0.0,0,1,0.57,Low
2026-05-10T04:45:00,Downtown,28.585217,77.267823,108.84,51.65,Clear,0.0,0,0,0.3,Low
2026-05-10T05:00:00,Industrial Belt,28.56823,77.247104,130.78,29.37,Clear,0.0,0,1,0.16,Medium
2026-05-10T05:15:00,Tech Park,28.659273,77.276518,129.57,45.35,Rainy,0.31,0,0,0.6,Medium
2026-05-10T05:30:00,City Mall,28.646963,77.279502,87.7,41.58,Cloudy,0.0,0,0,0.53,Low
2026-05-10T05:45:00,Airport Road,28.642506,77.157173,154.58,57.47,Clear,0.0,0,0,0.33,Medium
2026-05-10T06:00:00,Industrial Belt,28.558564,77.265903,104.42,33.33,Cloudy,0.0,0,0,0.56,Medium
2026-05-10T06:15:00,Industrial Belt,28.630568,77.148354,121.86,35.15,Clear,0.0,0,0,0.33,Medium
2026-05-10T06:30:00,Tech Park,28.668514,77.221763,110.72,27.35,Rainy,3.34,0,0,0.8,Medium
2026-05-10T06:45:00,City Mall,28.543757,77.155,192.02,48.76,Clear,0.0,0,0,0.67,Medium
2026-05-10T07:00:00,Industrial Belt,28.598623,77.187178,143.18,31.73,Storm,2.24,0,0,0.33,Medium
2026-05-10T07:15:00,City Mall,28.582674,77.239066,105.46,54.02,Clear,0.0,0,0,0.31,Low
2026-05-10T07:30:00,Airport Road,28.600424,77.204068,111.63,35.53,Clear,0.0,0,0,0.5,Medium
2026-05-10T07:45:00,Tech Park,28.56848,77.158345,164.94,41.68,Rainy,4.35,0,1,0.56,Medium
2026-05-10T08:00:00,Tech Park,28.545923,77.150472,132.4,44.73,Rainy,0.12,0,0,0.62,Medium
2026-05-10T08:15:00,Downtown,28.607284,77.237316,148.06,29.93,Clear,0.0,1,1,0.61,High
2026-05-10T08:30:00,University Circle,28.592827,77.188751,217.73,43.21,Cloudy,0.0,0,0,0.48,High
2026-05-10T08:45:00,City Mall,28.587686,77.178355,181.93,26.16,Cloudy,0.0,0,0,0.51,High
2026-05-10T09:00:00,University Circle,28.588775,77.151119,180.69,27.89,Clear,0.0,0,0,0.1,High
2026-05-10T09:15:00,City Mall,28.687153,77.270402,148.71,36.29,Clear,0.0,0,0,0.75,Medium
2026-05-10T09:30:00,City Mall,28.640901,77.215861,180.38,31.96,Rainy,0.37,0,0,0.6,Medium
2026-05-10T09:45:00,Industrial Belt,28.587935,77.216883,148.6,39.59,Clear,0.0,0,0,0.68,Medium
2026-05-10T10:00:00,Tech Park,28.590675,77.227029,223.56,56.78,Cloudy,0.0,0,0,0.5,Medium
2026-05-10T10:15:00,University Circle,28.606885,77.207777,165.87,34.6,Clear,0.0,0,0,0.62,Medium
2026-05-10T10:30:00,Airport Road,28.692175,77.155693,204.61,23.67,Rainy,1.36,0,0,0.66,High
2026-05-10T10:45:00,City Mall,28.642003,77.215812,194.31,12.22,Rainy,1.7,0,0,0.5,High
2026-05-10T11:00:00,University Circle,28.681079,77.137825,144.01,19.16,Clear,0.0,0,0,0.6,Medium
2026-05-10T11:15:00,City Mall,28.611997,77.229872,77.94,35.85,Rainy,5.23,0,0,0.31,Medium
2026-05-10T11:30:00,City Mall,28.617398,77.140868,100.68,50.22,Rainy,0.99,0,1,0.37,Medium
2026-05-10T11:45:00,City Mall,28.583907,77.275311,138.16,47.81,Rainy,1.98,0,0,0.67,Medium
2026-05-10T12:00:00,Industrial Belt,28.609561,77.135253,108.21,39.32,Rainy,1.82,0,0,0.6,Medium
2026-05-10T12:15:00,Downtown,28.61605,77.233097,104.28,43.23,Rainy,3.8,0,0,0.49,Medium
2026-05-10T12:30:00,Industrial Belt,28.550624,77.1496,124.08,56.34,Storm,1.8,0,0,0.68,Low
2026-05-10T12:45:00,Industrial Belt,28.565925,77.180134,165.05,36.43,Clear,0.0,0,0,0.58,Medium
2026-05-10T13:00:00,University Circle,28.66317,77.159376,131.42,38.1,Clear,0.0,0,0,0.46,Medium
2026-05-10T13:15:00,Industrial Belt,28.591102,77.173388,149.05,61.53,Rainy,3.97,0,0,0.56,Medium
2026-05-10T13:30:00,Airport Road,28.62636,77.24889,155.9,72.85,Cloudy,0.0,0,0,0.66,Low
2026-05-10T13:45:00,University Circle,28.561003,77.228331,138.68,65.17,Rainy,0.4,0,1,0.59,Medium
2026-05-10T14:00:00,Downtown,28.578261,77.288469,145.86,60.36,Clear,0.0,0,0,0.83,Low
2026-05-10T14:15:00,University Circle,28.536437,77.143718,131.21,36.83,Clear,0.0,0,0,0.21,Medium
2026-05-10T14:30:00,University Circle,28.645141,77.151743,102.48,46.89,Clear,0.0,0,0,0.68,Low
2026-05-10T14:45:00,Industrial Belt,28.54928,77.196932,124.09,45.87,Cloudy,0.0,0,0,0.68,Medium
2026-05-10T15:00:00,Tech Park,28.588551,77.268937,144.84,78.08,Rainy,0.3,0,0,0.6,Low
2026-05-10T15:15:00,University Circle,28.608043,77.224909,138.7,36.28,Clear,0.0,0,0,0.41,Medium
2026-05-10T15:30:00,Airport Road,28.617004,77.219405,133.49,47.93,Cloudy,0.0,0,0,0.57,Medium
2026-05-10T15:45:00,City Mall,28.596546,77.243131,161.01,62.98,Clear,0.0,0,0,0.56,Medium
2026-05-10T16:00:00,City Mall,28.671167,77.176768,183.58,53.43,Rainy,5.06,0,0,0.71,Medium
2026-05-10T16:15:00,Industrial Belt,28.597836,77.265389,71.64,69.33,Clear,0.0,0,1,0.55,Low
2026-05-10T16:30:00,Tech Park,28.638262,77.245341,102.89,37.61,Clear,0.0,0,0,0.68,Medium
2026-05-10T16:45:00,Airport Road,28.669004,77.167276,135.7,66.62,Cloudy,0.0,0,0,0.31,Low
2026-05-10T17:00:00,University Circle,28.574459,77.279486,185.02,40.46,Clear,0.0,0,0,0.48,Medium
2026-05-10T17:15:00,Industrial Belt,28.682633,77.158475,239.89,8.0,Clear,0.0,0,0,0.34,High
2026-05-10T17:30:00,Industrial Belt,28.67415,77.154326,258.34,18.73,Cloudy,0.0,0,0,0.24,High
2026-05-10T17:45:00,University Circle,28.554979,77.237838,248.35,24.53,Rainy,2.74,0,0,0.32,High
2026-05-10T18:00:00,Airport Road,28.58122,77.208305,206.08,8.45,Clear,0.0,0,0,0.27,High
2026-05-10T18:15:00,Tech Park,28.580281,77.131322,114.2,47.28,Clear,0.0,0,0,0.8,Low
2026-05-10T18:30:00,Downtown,28.586504,77.226738,197.31,12.37,Clear,0.0,0,0,0.49,High
2026-05-10T18:45:00,Tech Park,28.62184,77.271051,163.32,14.34,Clear,0.0,0,0,0.81,High
2026-05-10T19:00:00,Airport Road,28.647145,77.206282,180.59,12.19,Clear,0.0,0,0,0.23,High
2026-05-10T19:15:00,City Mall,28.610483,77.136146,140.93,17.72,Rainy,4.57,0,0,0.71,High
2026-05-10T19:30:00,Downtown,28.642793,77.148402,172.42,18.73,Cloudy,0.0,0,0,0.67,High
2026-05-10T19:45:00,University Circle,28.634467,77.144206,164.38,33.18,Clear,0.0,1,0,0.47,High
2026-05-10T20:00:00,Downtown,28.553402,77.210561,56.88,58.12,Cloudy,0.0,0,0,0.37,Low
2026-05-10T20:15:00,Industrial Belt,28.692603,77.255362,108.4,30.27,Clear,0.0,0,0,0.78,Medium
2026-05-10T20:30:00,Industrial Belt,28.676904,77.213769,153.85,50.93,Clear,0.0,0,0,0.41,Medium
2026-05-10T20:45:00,Airport Road,28.677564,77.149563,106.48,52.73,Clear,0.0,0,0,0.58,Low
2026-05-10T21:00:00,University Circle,28.678836,77.2116,148.37,55.81,Rainy,0.76,0,0,0.44,Medium
2026-05-10T21:15:00,Tech Park,28.585591,77.263235,155.31,29.67,Clear,0.0,0,1,0.76,Medium
2026-05-10T21:30:00,Tech Park,28.577606,77.162523,192.39,55.57,Clear,0.0,0,0,0.53,Medium
2026-05-10T21:45:00,City Mall,28.692469,77.145312,97.29,43.3,Rainy,2.06,0,0,0.44,Medium
2026-05-10T22:00:00,Airport Road,28.569298,77.237332,114.68,63.55,Cloudy,0.0,0,1,0.77,Low
2026-05-10T22:15:00,Airport Road,28.628165,77.201708,119.73,35.31,Clear,0.0,0,0,0.67,Medium
2026-05-10T22:30:00,University Circle,28.590456,77.231754,104.49,41.54,Rainy,1.14,0,1,0.46,Medium
2026-05-10T22:45:00,Downtown,28.60701,77.279745,147.09,52.41,Clear,0.0,0,0,0.37,Medium
2026-05-10T23:00:00,Downtown,28.687543,77.239907,114.63,39.81,Clear,0.0,0,0,0.78,Medium
2026-05-10T23:15:00,Airport Road,28.671512,77.14862,50.28,29.6,Rainy,2.98,0,0,0.45,Low
2026-05-10T23:30:00,Downtown,28.651136,77.23874,102.06,53.2,Cloudy,0.0,0,0,0.19,Low
2026-05-10T23:45:00,Downtown,28.658329,77.247208,114.81,43.48,Cloudy,0.0,0,0,0.72,Medium
2026-05-11T00:00:00,Airport Road,28.572253,77.188617,131.89,26.98,Clear,0.0,0,1,0.82,Medium
2026-05-11T00:15:00,Downtown,28.57351,77.258175,100.81,37.89,Storm,5.16,0,0,0.64,Medium
2026-05-11T00:30:00,Tech Park,28.613839,77.177834,78.07,25.92,Rainy,0.69,0,0,0.71,Medium
2026-05-11T00:45:00,University Circle,28.691492,77.133614,69.82,36.01,Clear,0.0,0,0,0.49,Low
2026-05-11T01:00:00,Tech Park,28.65844,77.226371,117.12,48.68,Cloudy,0.0,0,0,0.56,Low
2026-05-11T01:15:00,Tech Park,28.673959,77.195479,138.66,39.56,Cloudy,0.0,0,0,0.53,Medium
2026-05-11T01:30:00,University Circle,28.681271,77.18035,127.97,25.21,Rainy,0.81,0,0,0.64,Medium
2026-05-11T01:45:00,University Circle,28.687946,77.149265,98.0,13.58,Clear,0.0,0,0,0.44,Medium
2026-05-11T02:00:00,University Circle,28.632996,77.233139,184.03,37.5,Cloudy,0.0,0,1,0.42,High
2026-05-11T02:15:00,Downtown,28.650782,77.135452,104.61,37.85,Rainy,2.19,0,0,0.28,Medium
2026-05-11T02:30:00,City Mall,28.580233,77.221352,84.85,52.89,Clear,0.0,0,0,0.52,Low
2026-05-11T02:45:00,Downtown,28.543266,77.177866,108.57,40.88,Rainy,1.62,0,0,0.49,Medium
2026-05-11T03:00:00,Tech Park,28.690485,77.245257,102.54,36.96,Clear,0.0,0,0,0.6,Medium
2026-05-11T03:15:00,City Mall,28.628368,77.144507,51.59,66.85,Rainy,2.4,0,0,0.24,Low
2026-05-11T03:30:00,City Mall,28.591486,77.235849,87.74,43.67,Rainy,0.9,0,0,0.48,Low
2026-05-11T03:45:00,City Mall,28.547596,77.158353,91.41,30.32,Cloudy,0.0,0,0,0.81,Medium
2026-05-11T04:00:00,Industrial Belt,28.613061,77.150402,131.0,54.75,Clear,0.0,0,0,0.34,Low
2026-05-11T04:15:00,Downtown,28.537922,77.244669,134.04,51.47,Clear,0.0,0,0,0.65,Medium
2026-05-11T04:30:00,Airport Road,28.615563,77.28411,104.28,47.43,Clear,0.0,0,0,0.83,Low
2026-05-11T04:45:00,Tech Park,28.567143,77.132245,163.94,68.06,Clear,0.0,0,0,0.1,Low
2026-05-11T05:00:00,Industrial Belt,28.562481,77.18304,129.8,12.91,Cloudy,0.0,0,0,0.27,Medium
2026-05-11T05:15:00,University Circle,28.672611,77.248479,174.83,44.81,Clear,0.0,0,0,0.76,Medium
2026-05-11T05:30:00,Industrial Belt,28.647769,77.162748,162.31,57.25,Cloudy,0.0,0,0,0.5,Medium
2026-05-11T05:45:00,City Mall,28.602989,77.254729,76.05,53.35,Cloudy,0.0,0,0,0.54,Low
2026-05-11T06:00:00,University Circle,28.56008,77.148987,141.63,49.61,Clear,0.0,0,1,0.54,Medium
2026-05-11T06:15:00,Downtown,28.56547,77.179761,164.39,48.04,Clear,0.0,0,0,0.23,Medium
2026-05-11T06:30:00,Downtown,28.591783,77.130655,171.03,55.83,Cloudy,0.0,0,0,0.42,Medium
2026-05-11T06:45:00,City Mall,28.603825,77.192502,117.09,51.17,Clear,0.0,0,0,0.83,Low
2026-05-11T07:00:00,University Circle,28.559597,77.18351,150.02,24.21,Clear,0.0,0,0,0.77,Medium
2026-05-11T07:15:00,City Mall,28.629107,77.143431,155.86,35.55,Storm,1.93,0,0,0.33,Medium
2026-05-11T07:30:00,City Mall,28.613746,77.278046,196.88,58.07,Cloudy,0.0,0,0,0.98,Medium
2026-05-11T07:45:00,City Mall,28.544536,77.129254,45.62,48.81,Storm,3.14,0,0,0.69,Low
2026-05-11T08:00:00,University Circle,28.655613,77.152978,125.11,35.49,Clear,0.0,0,0,0.42,Medium
2026-05-11T08:15:00,City Mall,28.534153,77.268441,167.7,8.0,Clear,0.0,0,0,0.53,High
2026-05-11T08:30:00,Airport Road,28.600128,77.172209,200.9,16.36,Clear,0.0,0,0,0.75,High
2026-05-11T08:45:00,Industrial Belt,28.572614,77.173554,187.02,33.27,Rainy,3.3,0,0,0.63,High
2026-05-11T09:00:00,City Mall,28.68785,77.273238,166.2,40.0,Storm,0.72,0,0,0.42,Medium
2026-05-11T09:15:00,Airport Road,28.542285,77.274251,147.66,41.3,Cloudy,0.0,0,0,0.76,Medium
2026-05-11T09:30:00,City Mall,28.534383,77.168669,212.76,39.32,Clear,0.0,0,0,0.64,High
2026-05-11T09:45:00,Downtown,28.608884,77.279173,162.86,30.19,Clear,0.0,0,0,0.58,Medium
2026-05-11T10:00:00,Industrial Belt,28.682218,77.235419,215.56,38.11,Clear,0.0,0,1,0.75,High
2026-05-11T10:15:00,City Mall,28.557663,77.195235,174.68,9.32,Clear,0.0,0,0,0.53,High
2026-05-11T10:30:00,City Mall,28.639718,77.146247,247.23,28.55,Cloudy,0.0,0,0,0.29,High
2026-05-11T10:45:00,City Mall,28.620514,77.180823,120.52,42.58,Cloudy,0.0,0,0,0.54,Medium
2026-05-11T11:00:00,University Circle,28.629073,77.182653,137.71,51.34,Rainy,1.37,0,1,0.62,Medium
2026-05-11T11:15:00,Tech Park,28.628893,77.252525,106.65,49.56,Rainy,3.35,0,1,0.61,Medium
2026-05-11T11:30:00,City Mall,28.584233,77.161333,117.39,52.22,Clear,0.0,0,0,0.76,Low
2026-05-11T11:45:00,Downtown,28.543747,77.172196,75.33,49.95,Clear,0.0,0,0,0.6,Low
2026-05-11T12:00:00,Tech Park,28.655948,77.211092,151.79,50.36,Clear,0.0,0,1,0.6,Medium
2026-05-11T12:15:00,City Mall,28.544506,77.187689,178.35,64.82,Rainy,1.53,0,0,0.55,Medium
2026-05-11T12:30:00,Tech Park,28.674298,77.195901,90.91,42.0,Storm,1.02,0,0,0.55,Low
2026-05-11T12:45:00,University Circle,28.635729,77.262458,73.24,38.1,Clear,0.0,0,0,0.75,Low
2026-05-11T13:00:00,Tech Park,28.569339,77.134568,63.26,36.63,Rainy,1.25,0,0,0.8,Low
2026-05-11T13:15:00,City Mall,28.600801,77.21646,112.97,80.78,Clear,0.0,0,0,0.86,Low
2026-05-11T13:30:00,Airport Road,28.599941,77.165445,82.85,23.16,Clear,0.0,0,0,0.76,Medium
2026-05-11T13:45:00,Tech Park,28.674768,77.198396,103.68,43.94,Cloudy,0.0,0,0,0.39,Low
2026-05-11T14:00:00,Tech Park,28.663617,77.280547,139.5,44.91,Clear,0.0,0,0,0.35,Medium
2026-05-11T14:15:00,Tech Park,28.62893,77.152744,148.96,42.52,Storm,6.08,0,0,0.39,Medium
2026-05-11T14:30:00,Tech Park,28.617701,77.132917,99.09,42.97,Rainy,0.33,0,0,0.13,Low
2026-05-11T14:45:00,Downtown,28.575921,77.209707,120.78,65.32,Clear,0.0,0,0,0.73,Low
2026-05-11T15:00:00,City Mall,28.652735,77.26445,76.27,50.3,Rainy,1.15,0,0,0.82,Low
2026-05-11T15:15:00,Tech Park,28.579357,77.157174,159.3,34.66,Cloudy,0.0,0,1,0.7,Medium
2026-05-11T15:30:00,Airport Road,28.605579,77.148325,60.91,37.95,Clear,0.0,0,0,0.8,Low
2026-05-11T15:45:00,City Mall,28.553672,77.145165,141.5,30.07,Clear,0.0,0,1,0.63,Medium
2026-05-11T16:00:00,Tech Park,28.568038,77.190608,101.24,63.71,Rainy,1.82,0,0,0.52,Low
2026-05-11T16:15:00,City Mall,28.660614,77.149349,79.26,40.7,Clear,0.0,0,0,0.66,Low
2026-05-11T16:30:00,City Mall,28.588166,77.14677,115.9,56.09,Clear,0.0,0,0,0.41,Low
2026-05-11T16:45:00,City Mall,28.639317,77.219631,102.66,8.0,Rainy,2.03,0,0,0.44,Medium
2026-05-11T17:00:00,Airport Road,28.585658,77.132703,50.62,30.9,Clear,0.0,0,0,0.39,Low
2026-05-11T17:15:00,Industrial Belt,28.643764,77.263617,165.38,47.36,Clear,0.0,0,0,0.47,Medium
2026-05-11T17:30:00,University Circle,28.539743,77.228246,162.35,26.99,Rainy,0.96,0,0,0.2,Medium
2026-05-11T17:45:00,Industrial Belt,28.555776,77.195671,203.98,8.0,Rainy,0.69,0,0,0.57,High
2026-05-11T18:00:00,City Mall,28.540601,77.209491,206.95,31.85,Clear,0.0,0,0,0.64,High
2026-05-11T18:15:00,Airport Road,28.651093,77.278298,168.02,20.95,Clear,0.0,1,0,0.9,High
2026-05-11T18:30:00,Downtown,28.644271,77.206094,169.82,25.41,Clear,0.0,0,0,0.79,Medium
2026-05-11T18:45:00,Industrial Belt,28.6324,77.131041,180.86,21.39,Cloudy,0.0,0,0,0.86,High
2026-05-11T19:00:00,University Circle,28.648517,77.164881,139.04,32.44,Rainy,0.03,0,0,0.67,Medium
2026-05-11T19:15:00,Airport Road,28.549846,77.172595,170.22,29.96,Clear,0.0,0,0,0.68,Medium
2026-05-11T19:30:00,University Circle,28.537182,77.187169,171.82,42.93,Cloudy,0.0,0,0,0.57,Medium
2026-05-11T19:45:00,Tech Park,28.651066,77.253311,169.18,34.86,Clear,0.0,0,0,0.51,Medium
2026-05-11T20:00:00,University Circle,28.551577,77.266937,163.84,50.36,Cloudy,0.0,0,0,0.73,Medium
2026-05-11T20:15:00,Industrial Belt,28.56017,77.148754,118.04,48.04,Clear,0.0,0,0,0.84,Medium
2026-05-11T20:30:00,City Mall,28.643754,77.187633,162.84,40.89,Rainy,0.65,0,0,0.56,Medium
2026-05-11T20:45:00,Downtown,28.577827,77.260855,129.68,45.15,Clear,0.0,0,0,0.53,Medium
2026-05-11T21:00:00,City Mall,28.568181,77.183541,98.48,51.83,Cloudy,0.0,0,1,0.67,Low
2026-05-11T21:15:00,Downtown,28.651705,77.220414,140.97,26.36,Clear,0.0,0,0,0.67,Medium
2026-05-11T21:30:00,Airport Road,28.637164,77.23898,71.53,36.08,Rainy,1.18,0,0,0.82,Low
2026-05-11T21:45:00,University Circle,28.684718,77.259878,67.09,51.42,Clear,0.0,0,0,0.57,Low
2026-05-11T22:00:00,City Mall,28.660424,77.188828,53.99,37.87,Clear,0.0,0,0,0.56,Low
2026-05-11T22:15:00,Tech Park,28.62337,77.214141,80.19,41.06,Clear,0.0,0,1,0.92,Medium
2026-05-11T22:30:00,Downtown,28.574453,77.140879,101.33,46.23,Clear,0.0,0,0,0.5,Low
2026-05-11T22:45:00,Airport Road,28.550102,77.268612,168.7,45.41,Clear,0.0,0,0,0.38,Medium
2026-05-11T23:00:00,University Circle,28.667224,77.201683,91.38,38.18,Rainy,2.16,0,0,0.5,Medium
2026-05-11T23:15:00,University Circle,28.612272,77.211789,62.17,47.04,Rainy,1.52,0,0,0.64,Low
2026-05-11T23:30:00,Industrial Belt,28.581202,77.221967,114.13,55.49,Clear,0.0,0,0,0.71,Low
2026-05-11T23:45:00,Airport Road,28.538779,77.15009,130.84,50.71,Clear,0.0,0,0,0.7,Medium
2026-05-12T00:00:00,Downtown,28.566621,77.183075,144.55,20.58,Rainy,1.03,0,0,0.34,Medium
2026-05-12T00:15:00,Tech Park,28.550232,77.225226,189.61,55.37,Rainy,1.39,0,0,0.46,Medium
2026-05-12T00:30:00,Downtown,28.661849,77.198248,81.6,24.13,Rainy,1.48,0,0,0.73,Medium
2026-05-12T00:45:00,Airport Road,28.691659,77.279042,190.76,70.05,Rainy,0.95,0,0,0.83,Medium
2026-05-12T01:00:00,Airport Road,28.5739,77.214619,146.56,58.3,Clear,0.0,0,0,0.76,Medium
2026-05-12T01:15:00,Tech Park,28.660828,77.186581,121.93,53.55,Cloudy,0.0,0,0,0.35,Low
2026-05-12T01:30:00,Industrial Belt,28.599046,77.194471,184.84,69.32,Cloudy,0.0,0,0,0.92,Medium
2026-05-12T01:45:00,City Mall,28.583564,77.233978,97.05,32.47,Clear,0.0,0,0,0.51,Medium
2026-05-12T02:00:00,Downtown,28.687502,77.260274,137.81,41.92,Clear,0.0,0,0,0.6,Medium
2026-05-12T02:15:00,City Mall,28.538747,77.252303,167.99,64.78,Cloudy,0.0,0,1,0.47,Medium
2026-05-12T02:30:00,Tech Park,28.642083,77.241336,105.17,56.62,Clear,0.0,0,0,0.72,Low
2026-05-12T02:45:00,Airport Road,28.536403,77.278417,135.29,49.81,Clear,0.0,0,1,0.68,Medium
2026-05-12T03:00:00,Airport Road,28.629787,77.205214,183.69,68.8,Rainy,1.58,0,1,0.52,Medium
2026-05-12T03:15:00,University Circle,28.586607,77.214899,97.02,55.48,Clear,0.0,0,1,0.99,Low
2026-05-12T03:30:00,Airport Road,28.617233,77.200739,101.14,40.85,Clear,0.0,0,0,0.62,Medium
2026-05-12T03:45:00,Airport Road,28.554137,77.195317,83.54,31.32,Clear,0.0,0,0,0.56,Medium
2026-05-12T04:00:00,City Mall,28.565801,77.178225,124.28,39.97,Clear,0.0,0,0,0.34,Medium
2026-05-12T04:15:00,University Circle,28.692223,77.171012,93.09,54.94,Clear,0.0,0,0,0.42,Low
2026-05-12T04:30:00,Downtown,28.54106,77.176431,94.62,39.59,Clear,0.0,0,0,0.35,Low
2026-05-12T04:45:00,City Mall,28.663583,77.28524,173.87,28.98,Storm,3.52,0,0,0.63,High
2026-05-12T05:00:00,Airport Road,28.665147,77.193658,155.4,45.79,Cloudy,0.0,0,0,0.28,Medium
2026-05-12T05:15:00,Industrial Belt,28.678259,77.269115,110.5,39.43,Cloudy,0.0,0,0,0.44,Medium
2026-05-12T05:30:00,Tech Park,28.612865,77.269907,134.42,26.9,Clear,0.0,0,0,0.43,Medium
2026-05-12T05:45:00,Tech Park,28.622742,77.144989,102.4,59.15,Cloudy,0.0,0,0,0.6,Low
2026-05-12T06:00:00,Tech Park,28.607878,77.140893,151.32,31.02,Rainy,0.15,0,0,0.41,Medium
2026-05-12T06:15:00,Industrial Belt,28.583596,77.202755,139.21,50.65,Rainy,7.75,0,1,0.65,Medium
2026-05-12T06:30:00,City Mall,28.597298,77.19406,133.9,27.07,Rainy,2.19,0,0,0.33,Medium
2026-05-12T06:45:00,Tech Park,28.643783,77.212213,131.61,41.46,Clear,0.0,0,0,0.77,Medium
2026-05-12T07:00:00,Tech Park,28.662793,77.255616,169.26,49.89,Clear,0.0,0,0,0.53,Medium
2026-05-12T07:15:00,University Circle,28.638529,77.27662,113.56,54.57,Clear,0.0,0,0,0.82,Low
2026-05-12T07:30:00,City Mall,28.607842,77.216863,147.37,34.06,Clear,0.0,0,0,0.39,Medium
2026-05-12T07:45:00,University Circle,28.643808,77.176041,20.0,23.47,Clear,0.0,0,0,0.65,Low
2026-05-12T08:00:00,City Mall,28.542583,77.224461,188.9,23.75,Clear,0.0,0,0,0.6,High
2026-05-12T08:15:00,Tech Park,28.576205,77.21342,207.34,39.69,Cloudy,0.0,0,0,0.56,Medium
2026-05-12T08:30:00,Industrial Belt,28.538754,77.288776,214.18,54.68,Clear,0.0,0,1,0.79,Medium
2026-05-12T08:45:00,Industrial Belt,28.581499,77.176416,137.25,19.08,Clear,0.0,0,0,0.69,Medium
2026-05-12T09:00:00,Tech Park,28.648174,77.140121,224.09,54.45,Clear,0.0,0,0,0.49,Medium
2026-05-12T09:15:00,University Circle,28.590699,77.140608,201.02,41.7,Clear,0.0,1,0,0.64,High
2026-05-12T09:30:00,Tech Park,28.537049,77.246703,227.79,29.32,Storm,1.91,0,0,0.45,High
2026-05-12T09:45:00,University Circle,28.580496,77.227269,169.08,30.27,Clear,0.0,0,0,0.14,Medium
2026-05-12T10:00:00,University Circle,28.625396,77.222422,259.78,21.65,Clear,0.0,1,1,0.66,Very High
2026-05-12T10:15:00,Industrial Belt,28.63134,77.175114,182.23,31.92,Cloudy,0.0,0,0,0.33,Medium
2026-05-12T10:30:00,Downtown,28.568898,77.167875,132.97,40.25,Clear,0.0,0,0,0.39,Medium
2026-05-12T10:45:00,City Mall,28.676432,77.144114,131.5,42.19,Clear,0.0,0,0,0.48,Medium
2026-05-12T11:00:00,Downtown,28.539306,77.223905,101.49,32.09,Clear,0.0,0,0,0.54,Medium
2026-05-12T11:15:00,University Circle,28.552408,77.280402,101.89,54.54,Cloudy,0.0,0,0,0.79,Low
2026-05-12T11:30:00,Industrial Belt,28.615043,77.254807,66.88,50.96,Cloudy,0.0,0,0,0.76,Low
2026-05-12T11:45:00,Downtown,28.665856,77.193345,112.67,43.32,Clear,0.0,0,0,0.46,Medium
2026-05-12T12:00:00,Tech Park,28.558964,77.281466,60.19,33.08,Clear,0.0,0,0,0.55,Low
2026-05-12T12:15:00,Airport Road,28.5908,77.255561,93.17,31.97,Rainy,1.61,0,0,0.16,Medium
2026-05-12T12:30:00,University Circle,28.59766,77.132068,118.92,37.67,Clear,0.0,0,0,0.64,Medium
2026-05-12T12:45:00,Tech Park,28.537517,77.168015,121.19,44.61,Cloudy,0.0,0,0,0.36,Medium
2026-05-12T13:00:00,Tech Park,28.64947,77.159473,155.79,35.93,Clear,0.0,0,0,0.53,Medium
2026-05-12T13:15:00,University Circle,28.662375,77.197341,80.56,57.42,Rainy,3.49,0,0,0.43,Low
2026-05-12T13:30:00,University Circle,28.611275,77.209168,91.73,40.3,Clear,0.0,0,0,0.99,Low
2026-05-12T13:45:00,City Mall,28.619013,77.210808,149.22,44.65,Cloudy,0.0,0,0,0.66,Medium
2026-05-12T14:00:00,City Mall,28.565191,77.231668,128.63,60.59,Clear,0.0,0,0,0.74,Low
2026-05-12T14:15:00,City Mall,28.599819,77.221627,90.13,61.23,Cloudy,0.0,0,0,0.21,Low
2026-05-12T14:30:00,Industrial Belt,28.597604,77.221795,47.61,46.07,Cloudy,0.0,0,0,0.59,Low
2026-05-12T14:45:00,Tech Park,28.607877,77.195027,165.4,38.31,Cloudy,0.0,0,0,0.49,Medium
2026-05-12T15:00:00,Tech Park,28.622223,77.165951,127.69,65.06,Rainy,0.68,0,0,0.67,Low
2026-05-12T15:15:00,Industrial Belt,28.688434,77.279662,120.0,58.46,Clear,0.0,0,0,0.35,Low
2026-05-12T15:30:00,Tech Park,28.613716,77.163414,111.39,35.75,Rainy,0.83,0,0,0.43,Medium
2026-05-12T15:45:00,Tech Park,28.587791,77.217752,134.64,32.49,Cloudy,0.0,0,0,0.59,Medium
2026-05-12T16:00:00,Industrial Belt,28.668093,77.19757,122.76,66.32,Cloudy,0.0,0,0,0.31,Low
2026-05-12T16:15:00,Downtown,28.666992,77.234501,39.28,60.94,Cloudy,0.0,0,0,0.34,Low
2026-05-12T16:30:00,Tech Park,28.550937,77.207697,94.46,53.44,Clear,0.0,0,1,0.61,Low
2026-05-12T16:45:00,Downtown,28.534209,77.245123,73.34,60.12,Clear,0.0,0,0,0.7,Low
2026-05-12T17:00:00,City Mall,28.691664,77.157868,155.01,44.14,Clear,0.0,0,0,0.95,Medium
2026-05-12T17:15:00,Airport Road,28.597757,77.227464,107.82,14.57,Cloudy,0.0,1,0,0.26,Medium
2026-05-12T17:30:00,Airport Road,28.639319,77.232538,183.08,28.31,Cloudy,0.0,0,0,0.68,High
2026-05-12T17:45:00,Airport Road,28.637155,77.195358,194.01,25.84,Cloudy,0.0,0,0,0.5,High
2026-05-12T18:00:00,Tech Park,28.6289,77.131518,208.83,15.27,Clear,0.0,0,0,0.61,High
2026-05-12T18:15:00,Downtown,28.607562,77.187306,196.24,45.6,Rainy,0.19,0,0,0.53,Medium
2026-05-12T18:30:00,Airport Road,28.597581,77.187302,231.05,38.75,Rainy,5.82,0,0,0.4,High
2026-05-12T18:45:00,University Circle,28.65986,77.194399,168.96,36.41,Rainy,3.77,0,0,0.56,Medium
2026-05-12T19:00:00,Airport Road,28.625734,77.267085,212.07,20.12,Cloudy,0.0,0,0,0.54,High
2026-05-12T19:15:00,City Mall,28.592539,77.218532,209.28,45.95,Clear,0.0,0,0,0.42,Medium
2026-05-12T19:30:00,Downtown,28.576038,77.162578,202.43,20.45,Clear,0.0,0,0,0.58,High
2026-05-12T19:45:00,Tech Park,28.625832,77.260564,197.67,30.82,Clear,0.0,0,0,0.4,High
2026-05-12T20:00:00,City Mall,28.565956,77.287485,100.01,52.57,Rainy,3.23,0,0,0.62,Low
2026-05-12T20:15:00,Downtown,28.593581,77.152806,141.52,54.83,Clear,0.0,0,0,0.57,Medium
2026-05-12T20:30:00,Industrial Belt,28.538768,77.181504,85.0,71.32,Rainy,1.14,0,0,0.48,Low
2026-05-12T20:45:00,City Mall,28.537176,77.2125,75.37,52.89,Cloudy,0.0,0,0,0.42,Low
2026-05-12T21:00:00,Downtown,28.550387,77.165392,156.64,44.18,Cloudy,0.0,0,0,0.37,Medium
2026-05-12T21:15:00,Downtown,28.565727,77.141758,114.72,34.8,Clear,0.0,0,0,0.68,Medium
2026-05-12T21:30:00,University Circle,28.595841,77.169209,124.21,39.49,Rainy,0.4,0,0,0.82,Medium
2026-05-12T21:45:00,Industrial Belt,28.671098,77.12903,186.59,61.08,Cloudy,0.0,0,0,0.41,Medium
2026-05-12T22:00:00,Tech Park,28.54456,77.285173,73.8,42.13,Cloudy,0.0,0,1,0.3,Low
2026-05-12T22:15:00,Airport Road,28.640321,77.199225,165.54,46.48,Clear,0.0,0,0,0.64,Medium
2026-05-12T22:30:00,Industrial Belt,28.546643,77.22235,119.23,52.94,Rainy,1.19,0,0,0.59,Low
2026-05-12T22:45:00,Airport Road,28.562683,77.275311,134.36,42.95,Clear,0.0,0,0,0.69,Medium
2026-05-12T23:00:00,Industrial Belt,28.587125,77.209514,176.24,40.57,Clear,0.0,0,0,0.51,Medium
2026-05-12T23:15:00,Airport Road,28.535216,77.246773,130.53,54.21,Cloudy,0.0,0,1,0.32,Medium
2026-05-12T23:30:00,University Circle,28.583691,77.252199,165.12,45.7,Storm,4.26,0,0,0.37,Medium
2026-05-12T23:45:00,City Mall,28.534051,77.250144,117.14,55.92,Clear,0.0,0,0,0.53,Low
2026-05-13T00:00:00,City Mall,28.563936,77.260392,122.66,55.23,Rainy,2.06,0,0,0.38,Low
2026-05-13T00:15:00,Airport Road,28.654245,77.209572,137.82,58.85,Clear,0.0,1,0,0.5,Medium
2026-05-13T00:30:00,University Circle,28.575378,77.274412,71.36,56.29,Clear,0.0,0,0,0.69,Low
2026-05-13T00:45:00,Airport Road,28.655067,77.16532,100.43,39.48,Clear,0.0,0,0,0.79,Medium
2026-05-13T01:00:00,Downtown,28.582315,77.172005,58.39,73.14,Cloudy,0.0,0,0,0.68,Low
2026-05-13T01:15:00,Airport Road,28.569517,77.170792,49.55,46.59,Clear,0.0,0,0,0.54,Low
2026-05-13T01:30:00,Industrial Belt,28.574311,77.236033,186.12,48.75,Storm,1.89,1,0,0.39,Medium
2026-05-13T01:45:00,Tech Park,28.571074,77.228831,188.25,38.3,Clear,0.0,0,0,0.54,Medium
2026-05-13T02:00:00,Tech Park,28.579977,77.275405,108.39,56.28,Clear,0.0,0,1,0.58,Low
2026-05-13T02:15:00,City Mall,28.676091,77.167436,125.08,43.64,Rainy,1.47,0,0,0.93,Medium
2026-05-13T02:30:00,Airport Road,28.59975,77.212009,154.22,45.54,Clear,0.0,0,0,0.53,Medium
2026-05-13T02:45:00,Downtown,28.616922,77.151387,63.12,45.99,Clear,0.0,0,0,0.9,Low
2026-05-13T03:00:00,Tech Park,28.642591,77.20428,81.39,26.36,Cloudy,0.0,0,0,0.3,Medium
2026-05-13T03:15:00,Airport Road,28.536048,77.196657,190.11,47.67,Clear,0.0,0,0,0.7,Medium
2026-05-13T03:30:00,University Circle,28.561436,77.177869,86.18,34.1,Clear,0.0,0,0,0.46,Medium
2026-05-13T03:45:00,City Mall,28.634597,77.285157,92.73,40.86,Cloudy,0.0,0,0,0.28,Low
2026-05-13T04:00:00,Downtown,28.646761,77.175652,154.85,33.53,Rainy,0.57,0,0,0.73,Medium
2026-05-13T04:15:00,Downtown,28.57578,77.211015,176.44,55.36,Cloudy,0.0,0,0,0.48,Medium
2026-05-13T04:30:00,University Circle,28.589428,77.196052,121.66,23.64,Clear,0.0,0,0,0.62,Medium
2026-05-13T04:45:00,University Circle,28.691366,77.132184,100.54,32.39,Clear,0.0,0,1,0.7,Medium
2026-05-13T05:00:00,Tech Park,28.571603,77.272124,101.25,37.93,Clear,0.0,0,0,0.62,Medium
2026-05-13T05:15:00,Airport Road,28.540616,77.204373,126.85,25.61,Cloudy,0.0,0,0,0.39,Medium
2026-05-13T05:30:00,City Mall,28.648945,77.208483,123.33,38.78,Clear,0.0,0,0,0.84,Medium
2026-05-13T05:45:00,Downtown,28.55134,77.1463,109.9,34.33,Cloudy,0.0,0,0,0.52,Medium
2026-05-13T06:00:00,Industrial Belt,28.675199,77.221327,157.66,39.13,Rainy,0.29,0,0,0.58,Medium
2026-05-13T06:15:00,University Circle,28.592778,77.141421,83.79,66.84,Clear,0.0,0,0,0.66,Low
2026-05-13T06:30:00,Tech Park,28.622651,77.141854,114.7,40.59,Rainy,5.2,0,0,0.44,Medium
2026-05-13T06:45:00,Airport Road,28.673494,77.24293,152.29,35.08,Cloudy,0.0,0,0,0.58,Medium
2026-05-13T07:00:00,Tech Park,28.693624,77.253883,94.65,26.01,Rainy,1.48,1,0,0.64,Medium
2026-05-13T07:15:00,Industrial Belt,28.682288,77.212359,213.82,39.91,Cloudy,0.0,0,0,0.41,High
2026-05-13T07:30:00,Industrial Belt,28.638342,77.252103,116.02,50.78,Cloudy,0.0,0,0,0.43,Low
2026-05-13T07:45:00,Downtown,28.534243,77.189839,103.52,58.45,Cloudy,0.0,0,0,0.55,Low
2026-05-13T08:00:00,Airport Road,28.693502,77.20796,212.23,30.65,Rainy,0.23,0,0,0.66,High
2026-05-13T08:15:00,City Mall,28.53698,77.261034,165.65,24.81,Cloudy,0.0,0,0,0.4,Medium
2026-05-13T08:30:00,City Mall,28.637324,77.216258,257.23,30.96,Cloudy,0.0,0,0,0.41,High
2026-05-13T08:45:00,University Circle,28.637102,77.192265,162.68,33.29,Clear,0.0,0,0,0.78,Medium
2026-05-13T09:00:00,Airport Road,28.685955,77.140588,147.85,22.64,Cloudy,0.0,0,0,0.65,Medium
2026-05-13T09:15:00,Industrial Belt,28.610663,77.248318,255.0,22.1,Clear,0.0,0,0,0.38,High
2026-05-13T09:30:00,Airport Road,28.667937,77.15344,188.02,21.91,Cloudy,0.0,0,0,0.55,High
2026-05-13T09:45:00,University Circle,28.556962,77.26064,115.31,32.18,Clear,0.0,0,0,0.66,Medium
2026-05-13T10:00:00,University Circle,28.632064,77.280206,125.3,38.7,Rainy,0.29,0,0,0.37,Medium
2026-05-13T10:15:00,City Mall,28.617739,77.209809,195.93,30.29,Rainy,0.97,0,0,0.36,High
2026-05-13T10:30:00,Tech Park,28.603667,77.228704,196.79,40.74,Clear,0.0,0,1,0.55,High
2026-05-13T10:45:00,Airport Road,28.651453,77.248638,107.94,23.72,Clear,0.0,0,0,0.28,Medium
2026-05-13T11:00:00,Tech Park,28.664229,77.214377,135.31,60.56,Rainy,1.72,0,0,0.2,Low
2026-05-13T11:15:00,Industrial Belt,28.539861,77.133216,89.75,58.63,Rainy,0.15,0,0,0.15,Low
2026-05-13T11:30:00,Downtown,28.622869,77.181316,190.0,35.61,Cloudy,0.0,0,0,0.71,Medium
2026-05-13T11:45:00,Industrial Belt,28.69264,77.143338,155.96,46.39,Rainy,1.35,0,0,0.57,Medium
2026-05-13T12:00:00,Tech Park,28.542562,77.224497,100.79,22.93,Clear,0.0,0,0,0.41,Medium
2026-05-13T12:15:00,Industrial Belt,28.665948,77.139626,101.7,34.07,Clear,0.0,0,0,0.28,Medium
2026-05-13T12:30:00,Industrial Belt,28.598204,77.221115,119.03,63.22,Cloudy,0.0,0,0,0.64,Low
2026-05-13T12:45:00,Airport Road,28.625097,77.182523,121.18,53.46,Storm,11.47,0,0,0.82,Medium
2026-05-13T13:00:00,Tech Park,28.669167,77.176488,145.33,41.88,Rainy,1.82,1,0,0.52,Medium
2026-05-13T13:15:00,Downtown,28.642359,77.205346,103.15,34.06,Clear,0.0,0,0,0.91,Medium
2026-05-13T13:30:00,Tech Park,28.574543,77.266557,167.69,50.25,Cloudy,0.0,0,0,0.88,Medium
2026-05-13T13:45:00,City Mall,28.567601,77.280815,76.32,30.91,Rainy,2.53,0,0,0.53,Medium
2026-05-13T14:00:00,University Circle,28.55631,77.184724,128.74,15.71,Rainy,0.91,0,1,0.36,High
2026-05-13T14:15:00,Tech Park,28.582439,77.243296,119.39,36.78,Cloudy,0.0,0,0,0.74,Medium
2026-05-13T14:30:00,Airport Road,28.68741,77.200031,79.52,54.74,Clear,0.0,0,1,0.7,Low
2026-05-13T14:45:00,Downtown,28.685119,77.163313,135.52,47.19,Rainy,1.99,0,0,0.76,Medium
2026-05-13T15:00:00,Tech Park,28.577844,77.245902,138.35,54.74,Rainy,7.15,0,0,0.57,Medium
2026-05-13T15:15:00,Industrial Belt,28.646634,77.144871,117.73,46.12,Clear,0.0,0,0,0.63,Medium
2026-05-13T15:30:00,Airport Road,28.624698,77.281114,131.36,42.62,Clear,0.0,0,1,0.56,Medium
2026-05-13T15:45:00,Industrial Belt,28.595933,77.165176,103.67,55.14,Storm,2.91,0,0,0.45,Low
2026-05-13T16:00:00,Airport Road,28.555236,77.15028,113.86,43.86,Clear,0.0,0,0,0.47,Medium
2026-05-13T16:15:00,Tech Park,28.622703,77.174954,129.14,34.37,Clear,0.0,0,0,0.44,Medium
2026-05-13T16:30:00,Downtown,28.549079,77.288496,144.21,39.51,Clear,0.0,0,0,0.56,Medium
2026-05-13T16:45:00,City Mall,28.63052,77.152251,132.63,49.95,Cloudy,0.0,0,0,0.61,Medium
2026-05-13T17:00:00,Downtown,28.565128,77.155464,155.31,38.66,Cloudy,0.0,0,0,0.49,Medium
2026-05-13T17:15:00,Industrial Belt,28.649524,77.180416,178.86,18.56,Rainy,3.89,0,0,0.39,High
2026-05-13T17:30:00,Airport Road,28.634825,77.22301,209.67,26.85,Cloudy,0.0,0,0,0.16,High
2026-05-13T17:45:00,City Mall,28.534249,77.271199,210.97,15.46,Rainy,1.24,0,0,0.33,High
2026-05-13T18:00:00,Downtown,28.646982,77.244589,220.22,22.52,Clear,0.0,0,0,0.46,High
2026-05-13T18:15:00,Industrial Belt,28.574289,77.131969,144.44,41.87,Clear,0.0,0,1,0.8,Medium
2026-05-13T18:30:00,Tech Park,28.544126,77.155559,192.9,8.0,Rainy,0.34,0,1,0.3,High
2026-05-13T18:45:00,University Circle,28.558844,77.24456,212.22,44.73,Clear,0.0,0,0,0.64,Medium
2026-05-13T19:00:00,Downtown,28.538001,77.27696,217.15,30.98,Clear,0.0,0,0,0.76,High
2026-05-13T19:15:00,City Mall,28.621732,77.256465,182.89,23.24,Clear,0.0,0,0,0.78,High
2026-05-13T19:30:00,Downtown,28.580552,77.14961,165.13,33.2,Rainy,4.18,0,0,0.81,Medium
2026-05-13T19:45:00,City Mall,28.578794,77.218088,129.78,21.35,Rainy,2.36,1,0,0.55,High
2026-05-13T20:00:00,Airport Road,28.664583,77.160406,85.46,51.88,Rainy,0.31,0,1,0.39,Low
2026-05-13T20:15:00,City Mall,28.620902,77.145037,149.01,42.83,Clear,0.0,0,0,0.66,Medium
2026-05-13T20:30:00,University Circle,28.645027,77.137877,149.64,38.14,Clear,0.0,0,0,0.47,Medium
2026-05-13T20:45:00,Airport Road,28.558362,77.139587,156.68,40.11,Clear,0.0,0,0,0.49,Medium
2026-05-13T21:00:00,Airport Road,28.638898,77.226401,94.08,15.07,Clear,0.0,0,0,0.59,Medium
2026-05-13T21:15:00,Tech Park,28.633095,77.214698,114.16,38.71,Storm,8.64,0,0,0.39,Medium
2026-05-13T21:30:00,Tech Park,28.662702,77.165814,113.07,53.35,Clear,0.0,0,0,0.25,Low
2026-05-13T21:45:00,Industrial Belt,28.565597,77.133129,121.72,42.68,Cloudy,0.0,0,0,0.78,Medium
2026-05-13T22:00:00,Tech Park,28.590164,77.27394,80.25,48.91,Clear,0.0,0,1,0.25,Low
2026-05-13T22:15:00,Downtown,28.598471,77.241383,160.02,47.22,Clear,0.0,0,0,0.69,Medium
2026-05-13T22:30:00,Tech Park,28.679954,77.143809,109.63,36.61,Clear,0.0,0,0,0.63,Medium
2026-05-13T22:45:00,Airport Road,28.652324,77.200701,122.39,46.52,Cloudy,0.0,0,0,0.72,Medium
2026-05-13T23:00:00,City Mall,28.597938,77.239382,128.26,26.16,Rainy,2.45,0,0,0.76,Medium
2026-05-13T23:15:00,University Circle,28.645685,77.170148,131.57,60.3,Clear,0.0,0,0,1.0,Low
2026-05-13T23:30:00,University Circle,28.685685,77.231638,132.7,54.32,Clear,0.0,0,0,0.64,Medium
2026-05-13T23:45:00,Tech Park,28.53887,77.272263,127.06,46.72,Clear,0.0,0,0,0.48,Medium
2026-05-14T00:00:00,Airport Road,28.557802,77.204067,175.72,37.95,Rainy,1.81,0,0,0.65,Medium
2026-05-14T00:15:00,University Circle,28.675847,77.170476,53.07,40.28,Cloudy,0.0,0,0,0.69,Low
2026-05-14T00:30:00,Downtown,28.672435,77.150143,148.63,31.08,Clear,0.0,0,0,0.94,Medium
2026-05-14T00:45:00,Downtown,28.654697,77.143236,129.71,48.84,Clear,0.0,0,0,0.57,Medium
2026-05-14T01:00:00,University Circle,28.622225,77.18618,46.51,61.83,Clear,0.0,0,0,0.5,Low
2026-05-14T01:15:00,City Mall,28.664966,77.288383,82.56,26.52,Cloudy,0.0,0,0,0.57,Medium
2026-05-14T01:30:00,Airport Road,28.656932,77.23918,150.97,55.51,Cloudy,0.0,0,0,0.71,Medium
2026-05-14T01:45:00,Airport Road,28.628064,77.130768,128.59,44.08,Clear,0.0,0,0,0.1,Medium
2026-05-14T02:00:00,Downtown,28.538764,77.19838,176.67,57.19,Rainy,1.9,0,0,0.41,Medium
2026-05-14T02:15:00,University Circle,28.6373,77.13456,142.99,48.57,Cloudy,0.0,0,0,0.7,Medium
2026-05-14T02:30:00,Downtown,28.658005,77.175104,161.42,31.02,Cloudy,0.0,0,0,0.6,Medium
2026-05-14T02:45:00,Tech Park,28.659676,77.148448,142.23,42.38,Clear,0.0,0,0,0.5,Medium
2026-05-14T03:00:00,Downtown,28.589382,77.266985,64.26,60.83,Clear,0.0,0,0,0.78,Low
2026-05-14T03:15:00,Industrial Belt,28.667468,77.250889,161.57,49.8,Clear,0.0,0,0,0.19,Medium
2026-05-14T03:30:00,Tech Park,28.668833,77.243881,125.05,48.97,Rainy,4.43,0,0,0.87,Medium
2026-05-14T03:45:00,University Circle,28.548406,77.235759,150.21,55.6,Cloudy,0.0,0,0,0.3,Medium
2026-05-14T04:00:00,City Mall,28.633509,77.159188,176.12,50.55,Rainy,1.77,0,0,0.2,Medium
2026-05-14T04:15:00,Tech Park,28.678165,77.275476,95.27,53.64,Clear,0.0,0,0,0.72,Low
2026-05-14T04:30:00,City Mall,28.667478,77.176022,164.28,53.62,Clear,0.0,0,0,0.53,Medium
2026-05-14T04:45:00,Industrial Belt,28.645348,77.172384,148.77,39.14,Clear,0.0,0,0,0.73,Medium
2026-05-14T05:00:00,City Mall,28.634337,77.158879,74.86,82.8,Rainy,4.24,0,0,0.54,Low
2026-05-14T05:15:00,University Circle,28.640838,77.165508,123.07,46.58,Clear,0.0,0,0,0.54,Medium
2026-05-14T05:30:00,University Circle,28.648759,77.272526,109.9,53.11,Storm,1.45,0,0,0.5,Low
2026-05-14T05:45:00,Downtown,28.621238,77.183103,139.59,27.17,Clear,0.0,0,0,0.57,Medium
2026-05-14T06:00:00,City Mall,28.548295,77.219141,156.02,32.19,Cloudy,0.0,0,0,0.37,Medium
2026-05-14T06:15:00,Industrial Belt,28.557478,77.240076,129.76,54.82,Clear,0.0,0,0,0.57,Low
2026-05-14T06:30:00,University Circle,28.627927,77.17987,102.09,65.2,Clear,0.0,0,0,0.62,Low
2026-05-14T06:45:00,Downtown,28.583307,77.194626,91.51,41.12,Clear,0.0,0,0,0.37,Low
2026-05-14T07:00:00,Downtown,28.556666,77.242357,83.36,8.0,Storm,3.3,0,0,0.17,Medium
2026-05-14T07:15:00,Downtown,28.657444,77.266696,97.09,33.1,Rainy,2.29,0,0,0.64,Medium
2026-05-14T07:30:00,Downtown,28.560247,77.219531,127.8,33.74,Rainy,0.81,0,0,0.72,Medium
2026-05-14T07:45:00,Airport Road,28.612858,77.147468,109.5,59.21,Cloudy,0.0,0,0,0.51,Low
2026-05-14T08:00:00,Airport Road,28.577719,77.224621,167.28,33.56,Clear,0.0,1,0,0.81,High
2026-05-14T08:15:00,Tech Park,28.536695,77.15978,196.67,31.42,Clear,0.0,0,0,0.4,High
2026-05-14T08:30:00,Industrial Belt,28.544322,77.198475,165.6,22.08,Clear,0.0,0,0,0.49,High
2026-05-14T08:45:00,University Circle,28.654779,77.225811,213.87,16.53,Cloudy,0.0,0,0,0.73,High
2026-05-14T09:00:00,Tech Park,28.535654,77.156167,220.85,49.06,Rainy,3.42,0,0,0.41,High
2026-05-14T09:15:00,Downtown,28.689188,77.196932,193.36,42.29,Cloudy,0.0,0,0,0.72,Medium
2026-05-14T09:30:00,Industrial Belt,28.545542,77.144803,156.61,9.59,Rainy,0.62,0,0,0.36,High
2026-05-14T09:45:00,Industrial Belt,28.605302,77.240166,210.84,32.03,Cloudy,0.0,0,0,0.41,High
2026-05-14T10:00:00,Industrial Belt,28.564748,77.22938,178.97,34.74,Rainy,0.67,0,0,0.72,Medium
2026-05-14T10:15:00,Industrial Belt,28.622571,77.241857,232.19,24.28,Clear,0.0,0,0,0.58,High
2026-05-14T10:30:00,Airport Road,28.691654,77.145111,117.52,9.07,Rainy,0.67,0,0,0.28,Medium
2026-05-14T10:45:00,Tech Park,28.682926,77.238334,220.31,39.57,Rainy,0.24,0,0,0.58,High
2026-05-14T11:00:00,Tech Park,28.563126,77.226579,165.54,33.85,Rainy,4.33,0,0,0.33,Medium
2026-05-14T11:15:00,University Circle,28.641996,77.168949,129.61,52.74,Rainy,1.75,0,0,0.48,Medium
2026-05-14T11:30:00,Industrial Belt,28.542434,77.192776,88.49,53.37,Cloudy,0.0,0,0,0.49,Low
2026-05-14T11:45:00,Tech Park,28.675239,77.154663,75.8,30.25,Clear,0.0,0,0,0.81,Medium
2026-05-14T12:00:00,Airport Road,28.594404,77.257631,95.52,64.18,Cloudy,0.0,0,0,0.42,Low
2026-05-14T12:15:00,Tech Park,28.654936,77.146693,126.96,59.55,Cloudy,0.0,1,0,0.74,Medium
2026-05-14T12:30:00,Airport Road,28.637153,77.216486,108.68,35.3,Cloudy,0.0,0,0,0.77,Medium
2026-05-14T12:45:00,Airport Road,28.606,77.196824,143.86,45.17,Cloudy,0.0,0,0,0.7,Medium
2026-05-14T13:00:00,Industrial Belt,28.65567,77.212934,140.94,36.93,Cloudy,0.0,0,0,0.34,Medium
2026-05-14T13:15:00,Downtown,28.574491,77.268163,166.34,41.5,Clear,0.0,0,0,0.59,Medium
2026-05-14T13:30:00,Tech Park,28.617184,77.244874,106.31,40.6,Rainy,1.39,0,0,0.54,Medium
2026-05-14T13:45:00,Tech Park,28.574017,77.272126,52.0,55.67,Cloudy,0.0,0,0,0.8,Low
2026-05-14T14:00:00,Airport Road,28.617988,77.213536,117.46,47.24,Cloudy,0.0,0,0,0.43,Medium
2026-05-14T14:15:00,Industrial Belt,28.568311,77.233996,103.73,58.26,Rainy,1.01,0,0,0.37,Low
2026-05-14T14:30:00,University Circle,28.547937,77.263146,103.97,47.78,Rainy,2.01,0,1,0.4,Medium
2026-05-14T14:45:00,Downtown,28.577749,77.139431,63.58,19.33,Clear,0.0,0,1,0.51,Medium
2026-05-14T15:00:00,University Circle,28.645768,77.132599,135.29,54.61,Rainy,1.59,0,0,0.79,Medium
2026-05-14T15:15:00,Tech Park,28.598376,77.131646,102.58,58.35,Cloudy,0.0,0,0,0.59,Low
2026-05-14T15:30:00,Downtown,28.6937,77.188498,151.03,54.27,Storm,0.94,0,0,0.72,Medium
2026-05-14T15:45:00,Airport Road,28.686078,77.141325,54.0,27.57,Clear,0.0,0,0,0.23,Low
2026-05-14T16:00:00,Downtown,28.546751,77.270918,142.09,35.81,Clear,0.0,0,0,0.48,Medium
2026-05-14T16:15:00,Industrial Belt,28.638458,77.173735,128.25,62.62,Rainy,2.29,0,0,0.37,Low
2026-05-14T16:30:00,Industrial Belt,28.635666,77.280919,119.61,57.7,Clear,0.0,0,0,0.6,Low
2026-05-14T16:45:00,Downtown,28.576896,77.23333,121.99,31.6,Rainy,2.56,0,0,0.43,Medium
2026-05-14T17:00:00,City Mall,28.599579,77.159805,160.28,34.44,Clear,0.0,0,0,0.51,Medium
2026-05-14T17:15:00,City Mall,28.66274,77.172912,112.59,29.11,Rainy,3.23,0,1,0.61,Medium
2026-05-14T17:30:00,Airport Road,28.671179,77.24688,201.35,24.31,Cloudy,0.0,0,0,0.31,High
2026-05-14T17:45:00,Industrial Belt,28.684981,77.211766,192.09,40.96,Clear,0.0,0,0,0.81,Medium
2026-05-14T18:00:00,Tech Park,28.572218,77.164395,182.41,31.56,Rainy,0.37,0,0,0.73,Medium
2026-05-14T18:15:00,Downtown,28.54905,77.246136,212.81,39.9,Clear,0.0,0,0,0.77,High
2026-05-14T18:30:00,Airport Road,28.69262,77.158263,217.73,28.97,Clear,0.0,0,0,0.34,High
2026-05-14T18:45:00,Industrial Belt,28.578351,77.235755,166.54,32.15,Cloudy,0.0,0,0,0.71,Medium
2026-05-14T19:00:00,University Circle,28.550753,77.283478,163.0,22.4,Cloudy,0.0,0,0,0.41,Medium
2026-05-14T19:15:00,Airport Road,28.638976,77.198816,217.61,36.87,Clear,0.0,0,1,0.64,High
2026-05-14T19:30:00,Industrial Belt,28.540644,77.201649,201.44,38.15,Rainy,0.46,0,0,0.56,Medium
2026-05-14T19:45:00,Downtown,28.549533,77.227549,113.25,9.68,Cloudy,0.0,0,0,0.64,Medium
2026-05-14T20:00:00,City Mall,28.655125,77.219155,42.86,46.05,Clear,0.0,0,0,0.36,Low
2026-05-14T20:15:00,City Mall,28.666369,77.242193,209.94,37.52,Storm,5.03,0,0,0.64,High
2026-05-14T20:30:00,University Circle,28.609766,77.203858,96.19,39.92,Clear,0.0,0,0,0.36,Low
2026-05-14T20:45:00,Downtown,28.551676,77.168014,117.28,51.38,Clear,0.0,0,0,0.23,Low
2026-05-14T21:00:00,Downtown,28.613774,77.182914,106.79,42.86,Rainy,0.63,1,0,0.62,Medium
2026-05-14T21:15:00,Airport Road,28.598221,77.282171,109.07,42.44,Clear,0.0,0,0,0.6,Medium
2026-05-14T21:30:00,Tech Park,28.692169,77.268849,151.49,49.05,Clear,0.0,0,1,0.61,Medium
2026-05-14T21:45:00,Industrial Belt,28.65187,77.201071,149.98,39.91,Cloudy,0.0,0,0,0.65,Medium
2026-05-14T22:00:00,City Mall,28.595988,77.158697,153.63,40.33,Clear,0.0,0,0,0.79,Medium
2026-05-14T22:15:00,University Circle,28.572238,77.266524,77.15,34.29,Cloudy,0.0,0,1,0.71,Medium
2026-05-14T22:30:00,Airport Road,28.586579,77.143072,138.08,33.68,Clear,0.0,0,0,0.8,Medium
2026-05-14T22:45:00,Downtown,28.565295,77.216699,156.27,43.45,Clear,0.0,0,0,0.5,Medium
2026-05-14T23:00:00,Downtown,28.633515,77.154301,97.71,43.06,Rainy,4.27,0,0,0.55,Medium
2026-05-14T23:15:00,Industrial Belt,28.596576,77.223283,114.86,35.4,Rainy,0.81,0,0,0.48,Medium
2026-05-14T23:30:00,Industrial Belt,28.545207,77.215556,145.9,48.84,Rainy,3.04,0,0,0.56,Medium
2026-05-14T23:45:00,University Circle,28.552347,77.277423,152.03,38.61,Rainy,2.85,0,0,0.77,Medium
2026-05-15T00:00:00,City Mall,28.689779,77.199319,84.56,24.95,Clear,0.0,0,0,0.93,Medium
2026-05-15T00:15:00,Downtown,28.687194,77.163682,117.59,43.2,Rainy,0.59,0,0,0.67,Medium
2026-05-15T00:30:00,University Circle,28.606428,77.245231,112.6,35.14,Storm,0.94,0,0,0.62,Medium
2026-05-15T00:45:00,Tech Park,28.650157,77.210559,63.72,25.55,Clear,0.0,0,0,0.44,Medium
2026-05-15T01:00:00,University Circle,28.637389,77.27789,98.05,22.87,Storm,0.58,0,0,0.35,Medium
2026-05-15T01:15:00,University Circle,28.610174,77.276276,110.6,55.83,Clear,0.0,0,0,0.77,Low
2026-05-15T01:30:00,Downtown,28.633994,77.137275,150.42,27.72,Cloudy,0.0,0,0,0.38,Medium
2026-05-15T01:45:00,City Mall,28.585849,77.247483,91.32,40.4,Clear,0.0,0,0,0.71,Low
2026-05-15T02:00:00,City Mall,28.552888,77.133637,114.0,33.42,Cloudy,0.0,0,0,0.64,Medium
2026-05-15T02:15:00,Airport Road,28.657624,77.278185,117.8,52.15,Clear,0.0,0,0,0.61,Low
2026-05-15T02:30:00,Tech Park,28.660132,77.2506,98.04,20.36,Cloudy,0.0,1,0,0.52,Medium
2026-05-15T02:45:00,City Mall,28.626491,77.162104,131.8,51.44,Clear,0.0,0,0,0.77,Medium
2026-05-15T03:00:00,Industrial Belt,28.589527,77.251057,90.25,47.77,Rainy,2.49,0,0,0.57,Low
2026-05-15T03:15:00,City Mall,28.558899,77.282204,145.34,55.23,Cloudy,0.0,0,1,0.43,Medium
2026-05-15T03:30:00,Tech Park,28.546324,77.191671,82.28,40.53,Cloudy,0.0,0,0,0.36,Low
2026-05-15T03:45:00,City Mall,28.631828,77.189303,101.13,41.35,Clear,0.0,0,0,0.48,Medium
